insert into Contents (id, language, plot_summary, imdb_score, release_year, title) values (1, 'English', 'Morbi porttitor lorem id ligula.', 6.3, 2005, 'Madness of King George');
insert into Contents (id, language, plot_summary, imdb_score, release_year, title) values (2, 'English', 'Vestibulum ac est lacinia nisi venenatis tristique. Fusce congue, diam id ornare imperdiet, sapien urna pretium nisl, ut volutpat sapien arcu sed augue. Aliquam erat volutpat.', 8.9, 2005, 'Rock-a-Bye Baby');
insert into Contents (id, language, plot_summary, imdb_score, release_year, title) values (3, 'English', 'Cras in purus eu magna vulputate luctus.', 6.1, 1994, 'Gulliver''s Travels');
insert into Contents (id, language, plot_summary, imdb_score, release_year, title) values (4, 'Georgian', 'In quis justo. Maecenas rhoncus aliquam lacus. Morbi quis tortor id nulla ultrices aliquet. Maecenas leo odio, condimentum id, luctus nec, molestie sed, justo. Pellentesque viverra pede ac diam. Cras pellentesque volutpat dui. Maecenas tristique, est et tempus semper, est quam pharetra magna, ac consequat metus sapien ut nunc. Vestibulum ante ipsum primis in faucibus orci luctus et ultrices posuere cubilia Curae; Mauris viverra diam vitae quam.', 0.3, 2005, 'Doomsday');
insert into Contents (id, language, plot_summary, imdb_score, release_year, title) values (5, 'English', 'Integer aliquet, massa id lobortis convallis, tortor risus dapibus augue, vel accumsan tellus nisi eu orci. Mauris lacinia sapien quis libero. Nullam sit amet turpis elementum ligula vehicula consequat. Morbi a ipsum. Integer a nibh. In quis justo. Maecenas rhoncus aliquam lacus. Morbi quis tortor id nulla ultrices aliquet. Maecenas leo odio, condimentum id, luctus nec, molestie sed, justo. Pellentesque viverra pede ac diam.', 3.2, 2011, 'Walking Dead');
insert into Contents (id, language, plot_summary, imdb_score, release_year, title) values (6, 'English', 'In hac habitasse platea dictumst. Morbi vestibulum, velit id pretium iaculis, diam erat fermentum justo, nec condimentum neque sapien placerat ante. Nulla justo. Aliquam quis turpis eget elit sodales scelerisque.', 0.9, 2009, 'Grudge 3');
insert into Contents (id, language, plot_summary, imdb_score, release_year, title) values (7, 'English', 'Vestibulum ac est lacinia nisi venenatis tristique. Fusce congue, diam id ornare imperdiet, sapien urna pretium nisl, ut volutpat sapien arcu sed augue. Aliquam erat volutpat. In congue. Etiam justo. Etiam pretium iaculis justo. In hac habitasse platea dictumst. Etiam faucibus cursus urna. Ut tellus. Nulla ut erat id mauris vulputate elementum.', 0.6, 1994, 'Tideland');
insert into Contents (id, language, plot_summary, imdb_score, release_year, title) values (8, 'English', 'Etiam justo. Etiam pretium iaculis justo. In hac habitasse platea dictumst. Etiam faucibus cursus urna. Ut tellus. Nulla ut erat id mauris vulputate elementum.', 3.4, 2013, 'You''re Next');
insert into Contents (id, language, plot_summary, imdb_score, release_year, title) values (9, 'English', 'Donec vitae nisi. Nam ultrices, libero non mattis pulvinar, nulla pede ullamcorper augue, a suscipit nulla elit ac nulla. Sed vel enim sit amet nunc viverra dapibus. Nulla suscipit ligula in lacus. Curabitur at ipsum ac tellus semper interdum. Mauris ullamcorper purus sit amet nulla. Quisque arcu libero, rutrum ac, lobortis vel, dapibus at, diam.', 6.0, 2006, 'Catwoman');
insert into Contents (id, language, plot_summary, imdb_score, release_year, title) values (10, 'French', 'Donec posuere metus vitae ipsum. Aliquam non mauris. Morbi non lectus. Aliquam sit amet diam in magna bibendum imperdiet. Nullam orci pede, venenatis non, sodales sed, tincidunt eu, felis. Fusce posuere felis sed lacus. Morbi sem mauris, laoreet ut, rhoncus aliquet, pulvinar sed, nisl.', 5.2, 2016, 'United States of Secrets (Part One): The Program');
insert into Contents (id, language, plot_summary, imdb_score, release_year, title) values (11, 'English', 'Mauris sit amet eros. Suspendisse accumsan tortor quis turpis. Sed ante. Vivamus tortor.', 5.0, 2005, 'Thing About My Folks');
insert into Contents (id, language, plot_summary, imdb_score, release_year, title) values (12, 'English', 'Morbi vel lectus in quam fringilla rhoncus. Mauris enim leo, rhoncus sed, vestibulum sit amet, cursus id, turpis. Integer aliquet, massa id lobortis convallis, tortor risus dapibus augue, vel accumsan tellus nisi eu orci. Mauris lacinia sapien quis libero.', 6.7, 2018, 'Rites of May, The (Itim) ');
insert into Contents (id, language, plot_summary, imdb_score, release_year, title) values (13, 'English', 'Curabitur in libero ut massa volutpat convallis.', 5.7, 2005, 'Lonely Place to Die, A');
insert into Contents (id, language, plot_summary, imdb_score, release_year, title) values (14, 'English', 'Suspendisse potenti. Nullam porttitor lacus at turpis. Donec posuere metus vitae ipsum. Aliquam non mauris. Morbi non lectus. Aliquam sit amet diam in magna bibendum imperdiet. Nullam orci pede, venenatis non, sodales sed, tincidunt eu, felis. Fusce posuere felis sed lacus. Morbi sem mauris, laoreet ut, rhoncus aliquet, pulvinar sed, nisl.', 4.0, 2017, 'Dragon: The Bruce Lee Story');
insert into Contents (id, language, plot_summary, imdb_score, release_year, title) values (15, 'English', 'Integer pede justo, lacinia eget, tincidunt eget, tempus vel, pede. Morbi porttitor lorem id ligula. Suspendisse ornare consequat lectus. In est risus, auctor sed, tristique in, tempus sit amet, sem. Fusce consequat.', 4.8, 1994, 'Time to Kill, A');
insert into Contents (id, language, plot_summary, imdb_score, release_year, title) values (16, 'Spanish', 'Mauris enim leo, rhoncus sed, vestibulum sit amet, cursus id, turpis. Integer aliquet, massa id lobortis convallis, tortor risus dapibus augue, vel accumsan tellus nisi eu orci. Mauris lacinia sapien quis libero. Nullam sit amet turpis elementum ligula vehicula consequat. Morbi a ipsum. Integer a nibh.', 8.8, 2006, 'Supermarket Woman (Sûpâ no onna)');
insert into Contents (id, language, plot_summary, imdb_score, release_year, title) values (17, 'Turkish', 'Nam ultrices, libero non mattis pulvinar, nulla pede ullamcorper augue, a suscipit nulla elit ac nulla. Sed vel enim sit amet nunc viverra dapibus. Nulla suscipit ligula in lacus. Curabitur at ipsum ac tellus semper interdum. Mauris ullamcorper purus sit amet nulla. Quisque arcu libero, rutrum ac, lobortis vel, dapibus at, diam.', 0.8, 2013, 'Journey to the Sun (Günese yolculuk)');
insert into Contents (id, language, plot_summary, imdb_score, release_year, title) values (18, 'English', 'Nullam sit amet turpis elementum ligula vehicula consequat. Morbi a ipsum. Integer a nibh. In quis justo. Maecenas rhoncus aliquam lacus. Morbi quis tortor id nulla ultrices aliquet. Maecenas leo odio, condimentum id, luctus nec, molestie sed, justo.', 5.0, 2017, 'Forsaking All Others');
insert into Contents (id, language, plot_summary, imdb_score, release_year, title) values (19, 'English', 'Nulla ac enim. In tempor, turpis nec euismod scelerisque, quam turpis adipiscing lorem, vitae mattis nibh ligula nec sem. Duis aliquam convallis nunc. Proin at turpis a pede posuere nonummy. Integer non velit. Donec diam neque, vestibulum eget, vulputate ut, ultrices vel, augue. Vestibulum ante ipsum primis in faucibus orci luctus et ultrices posuere cubilia Curae; Donec pharetra, magna vestibulum aliquet ultrices, erat tortor sollicitudin mi, sit amet lobortis sapien sapien non mi. Integer ac neque.', 8.5, 2009, 'Les Formidables (Gang-jeok)');
insert into Contents (id, language, plot_summary, imdb_score, release_year, title) values (20, 'French', 'Donec diam neque, vestibulum eget, vulputate ut, ultrices vel, augue. Vestibulum ante ipsum primis in faucibus orci luctus et ultrices posuere cubilia Curae; Donec pharetra, magna vestibulum aliquet ultrices, erat tortor sollicitudin mi, sit amet lobortis sapien sapien non mi. Integer ac neque. Duis bibendum. Morbi non quam nec dui luctus rutrum. Nulla tellus. In sagittis dui vel nisl. Duis ac nibh. Fusce lacus purus, aliquet at, feugiat non, pretium quis, lectus.', 2.2, 2013, 'Gridiron Gang');
insert into Contents (id, language, plot_summary, imdb_score, release_year, title) values (21, 'French', 'Vestibulum ante ipsum primis in faucibus orci luctus et ultrices posuere cubilia Curae; Donec pharetra, magna vestibulum aliquet ultrices, erat tortor sollicitudin mi, sit amet lobortis sapien sapien non mi. Integer ac neque. Duis bibendum. Morbi non quam nec dui luctus rutrum. Nulla tellus.', 7.7, 2010, 'Jurassic Park III');
insert into Contents (id, language, plot_summary, imdb_score, release_year, title) values (22, 'French', 'Vestibulum ante ipsum primis in faucibus orci luctus et ultrices posuere cubilia Curae; Donec pharetra, magna vestibulum aliquet ultrices, erat tortor sollicitudin mi, sit amet lobortis sapien sapien non mi.', 9.9, 2010, 'Buffalo Bill');
insert into Contents (id, language, plot_summary, imdb_score, release_year, title) values (23, 'French', 'Aliquam erat volutpat.', 9.2, 2018, 'Pirates of the Caribbean: At World''s End');
insert into Contents (id, language, plot_summary, imdb_score, release_year, title) values (24, 'English', 'Quisque id justo sit amet sapien dignissim vestibulum. Vestibulum ante ipsum primis in faucibus orci luctus et ultrices posuere cubilia Curae; Nulla dapibus dolor vel est.', 6.9, 2005, 'Elfie Hopkins: Cannibal Hunter');
insert into Contents (id, language, plot_summary, imdb_score, release_year, title) values (25, 'English', 'Integer a nibh. In quis justo. Maecenas rhoncus aliquam lacus. Morbi quis tortor id nulla ultrices aliquet. Maecenas leo odio, condimentum id, luctus nec, molestie sed, justo.', 8.7, 1991, 'Black Hole');
insert into Contents (id, language, plot_summary, imdb_score, release_year, title) values (26, 'Arabic', 'Donec semper sapien a libero. Nam dui. Proin leo odio, porttitor id, consequat in, consequat ut, nulla.', 7.8, 2005, 'Destiny (Al-massir)');
insert into Contents (id, language, plot_summary, imdb_score, release_year, title) values (27, 'English', 'In eleifend quam a odio.', 5.6, 1996, 'Staten Island');
insert into Contents (id, language, plot_summary, imdb_score, release_year, title) values (28, 'English', 'Maecenas pulvinar lobortis est. Phasellus sit amet erat. Nulla tempus.', 5.6, 2017, 'Wild Seven');
insert into Contents (id, language, plot_summary, imdb_score, release_year, title) values (29, 'English', 'Nunc rhoncus dui vel sem. Sed sagittis. Nam congue, risus semper porta volutpat, quam pede lobortis ligula, sit amet eleifend pede libero quis orci.', 5.6, 2009, 'Batman & Robin');
insert into Contents (id, language, plot_summary, imdb_score, release_year, title) values (30, 'French', 'Integer non velit. Donec diam neque, vestibulum eget, vulputate ut, ultrices vel, augue. Vestibulum ante ipsum primis in faucibus orci luctus et ultrices posuere cubilia Curae; Donec pharetra, magna vestibulum aliquet ultrices, erat tortor sollicitudin mi, sit amet lobortis sapien sapien non mi. Integer ac neque.', 7.1, 2010, 'Mon oncle d''Amérique');
insert into Contents (id, language, plot_summary, imdb_score, release_year, title) values (31, 'English', 'Aliquam erat volutpat. In congue.', 5.1, 2020, 'Wattstax');
insert into Contents (id, language, plot_summary, imdb_score, release_year, title) values (32, 'Turkish', 'Aenean sit amet justo. Morbi ut odio. Cras mi pede, malesuada in, imperdiet et, commodo vulputate, justo. In blandit ultrices enim. Lorem ipsum dolor sit amet, consectetuer adipiscing elit.', 5.5, 1996, 'Coward, The (Kapurush)');
insert into Contents (id, language, plot_summary, imdb_score, release_year, title) values (33, 'English', 'Donec quis orci eget orci vehicula condimentum. Curabitur in libero ut massa volutpat convallis.', 6.3, 2005, 'National Security');
insert into Contents (id, language, plot_summary, imdb_score, release_year, title) values (34, 'English', 'In hac habitasse platea dictumst. Etiam faucibus cursus urna. Ut tellus.', 6.7, 2001, 'Capone');
insert into Contents (id, language, plot_summary, imdb_score, release_year, title) values (35, 'Romanian', 'In hac habitasse platea dictumst. Aliquam augue quam, sollicitudin vitae, consectetuer eget, rutrum at, lorem. Integer tincidunt ante vel ipsum. Praesent blandit lacinia erat.', 9.1, 1991, 'Mary and Max');
insert into Contents (id, language, plot_summary, imdb_score, release_year, title) values (36, 'Japanese', 'Cras mi pede, malesuada in, imperdiet et, commodo vulputate, justo. In blandit ultrices enim. Lorem ipsum dolor sit amet, consectetuer adipiscing elit. Proin interdum mauris non ligula pellentesque ultrices.', 9.4, 1991, 'Stars');
insert into Contents (id, language, plot_summary, imdb_score, release_year, title) values (37, 'English', 'Nulla nisl. Nunc nisl. Duis bibendum, felis sed interdum venenatis, turpis enim blandit mi, in porttitor pede justo eu massa. Donec dapibus.', 8.6, 2010, 'Radio Rebel');
insert into Contents (id, language, plot_summary, imdb_score, release_year, title) values (38, 'English', 'Etiam faucibus cursus urna. Ut tellus. Nulla ut erat id mauris vulputate elementum. Nullam varius.', 7.3, 1996, 'Shock Doctrine, The');
insert into Contents (id, language, plot_summary, imdb_score, release_year, title) values (39, 'Catalan', 'Ut at dolor quis odio consequat varius. Integer ac leo. Pellentesque ultrices mattis odio. Donec vitae nisi. Nam ultrices, libero non mattis pulvinar, nulla pede ullamcorper augue, a suscipit nulla elit ac nulla.', 6.6, 2013, 'Rentun Ruusu');
insert into Contents (id, language, plot_summary, imdb_score, release_year, title) values (40, 'Spanish', 'Aliquam quis turpis eget elit sodales scelerisque.', 5.8, 2005, 'Warlock');
insert into Contents (id, language, plot_summary, imdb_score, release_year, title) values (41, 'Spanish', 'Phasellus in felis.', 9.2, 2011, 'Ghost Breakers, The');
insert into Contents (id, language, plot_summary, imdb_score, release_year, title) values (42, 'English', 'Phasellus id sapien in sapien iaculis congue. Vivamus metus arcu, adipiscing molestie, hendrerit at, vulputate vitae, nisl.', 6.4, 2020, 'Youth of the Son');
insert into Contents (id, language, plot_summary, imdb_score, release_year, title) values (43, 'Spanish', 'Nullam orci pede, venenatis non, sodales sed, tincidunt eu, felis.', 7.2, 2011, 'Can I Do It ''Till I Need Glasses?');
insert into Contents (id, language, plot_summary, imdb_score, release_year, title) values (44, 'Spanish', 'Nam congue, risus semper porta volutpat, quam pede lobortis ligula, sit amet eleifend pede libero quis orci. Nullam molestie nibh in lectus. Pellentesque at nulla.', 5.8, 2010, 'Carnal Knowledge');
insert into Contents (id, language, plot_summary, imdb_score, release_year, title) values (45, 'Spanish', 'Morbi non quam nec dui luctus rutrum. Nulla tellus.', 5.9, 2016, 'Dishonored');
insert into Contents (id, language, plot_summary, imdb_score, release_year, title) values (46, 'Spanish', 'In blandit ultrices enim. Lorem ipsum dolor sit amet, consectetuer adipiscing elit. Proin interdum mauris non ligula pellentesque ultrices. Phasellus id sapien in sapien iaculis congue.', 5.3, 2001, 'One Husband Too Many');
insert into Contents (id, language, plot_summary, imdb_score, release_year, title) values (47, 'English', 'Quisque id justo sit amet sapien dignissim vestibulum. Vestibulum ante ipsum primis in faucibus orci luctus et ultrices posuere cubilia Curae; Nulla dapibus dolor vel est. Donec odio justo, sollicitudin ut, suscipit a, feugiat et, eros.', 8.3, 1996, 'Oyster Farmer');
insert into Contents (id, language, plot_summary, imdb_score, release_year, title) values (48, 'English', 'Donec ut mauris eget massa tempor convallis. Nulla neque libero, convallis eget, eleifend luctus, ultricies eu, nibh. Quisque id justo sit amet sapien dignissim vestibulum. Vestibulum ante ipsum primis in faucibus orci luctus et ultrices posuere cubilia Curae; Nulla dapibus dolor vel est. Donec odio justo, sollicitudin ut, suscipit a, feugiat et, eros.', 6.9, 2021, 'Hello Down There');
insert into Contents (id, language, plot_summary, imdb_score, release_year, title) values (49, 'Danish', 'Aenean lectus. Pellentesque eget nunc.', 5.5, 2016, 'Red Line 7000');
insert into Contents (id, language, plot_summary, imdb_score, release_year, title) values (50, 'Turkish', 'Aenean auctor gravida sem. Praesent id massa id nisl venenatis lacinia. Aenean sit amet justo.', 9.4, 2020, 'Foster Brothers, The (Süt kardesler)');


insert into films (boxoffice, budget, duration, id) values (4146807, 3440486, 97, 3);
insert into films (boxoffice, budget, duration, id) values (7147204, 7232496, 155, 4);
insert into films (boxoffice, budget, duration, id) values (59146830, 92984764, 90, 5);
insert into films (boxoffice, budget, duration, id) values (4608368, 927449, 137, 6);
insert into films (boxoffice, budget, duration, id) values (9158633, 79146336, 145, 7);
insert into films (boxoffice, budget, duration, id) values (9293764, 17295651, 124, 9);
insert into films (boxoffice, budget, duration, id) values (5192668, 11747025, 126, 10);
insert into films (boxoffice, budget, duration, id) values (50730338, 15917612, 170, 21);
insert into films (boxoffice, budget, duration, id) values (138263679, 55571439, 210, 22);
insert into films (boxoffice, budget, duration, id) values (35425277, 50144358, 120, 23);
insert into films (boxoffice, budget, duration, id) values (113511007, 12232708, 120, 24);
insert into films (boxoffice, budget, duration, id) values (27148997, 56732032, 150, 25);
insert into films (boxoffice, budget, duration, id) values (77287689, 78289905, 220, 26);
insert into films (boxoffice, budget, duration, id) values (47060581, 53149402, 125, 27);
insert into films (boxoffice, budget, duration, id) values (62005336, 15781059, 210, 28);
insert into films (boxoffice, budget, duration, id) values (115990778, 879112, 150, 29);
insert into films (boxoffice, budget, duration, id) values (74327361, 12997989, 160, 30);
insert into films (boxoffice, budget, duration, id) values (47606755, 61437406, 95, 31);
insert into films (boxoffice, budget, duration, id) values (135732761, 92226369, 180, 32);
insert into films (boxoffice, budget, duration, id) values (106482052, 7756773, 200, 33);
insert into films (boxoffice, budget, duration, id) values (127959308, 87019405, 185, 34);
insert into films (boxoffice, budget, duration, id) values (17316713, 63981225, 160, 35);


insert into tv_shows (end_year, num_seasons, id) values (2007, 2, 1);
insert into tv_shows (end_year, num_seasons, id) values (2007, 2, 2);
insert into tv_shows (end_year, num_seasons, id) values (1998, 4, 3);
insert into tv_shows (end_year, num_seasons, id) values (2007, 2, 11);
insert into tv_shows (end_year, num_seasons, id) values (2021, 3, 12);
insert into tv_shows (end_year, num_seasons, id) values (2007, 2, 13);
insert into tv_shows (end_year, num_seasons, id) values (2021, 4, 14);
insert into tv_shows (end_year, num_seasons, id) values (1996, 2, 15);
insert into tv_shows (end_year, num_seasons, id) values (2015, 7, 16);
insert into tv_shows (end_year, num_seasons, id) values (2019, 5, 17);
insert into tv_shows (end_year, num_seasons, id) values (2020, 3, 18);
insert into tv_shows (end_year, num_seasons, id) values (2015, 6, 19);
insert into tv_shows (end_year, num_seasons, id) values (2021, 8, 20);
insert into tv_shows (end_year, num_seasons, id) values (2001, 10, 36);
insert into tv_shows (end_year, num_seasons, id) values (2012, 2, 37);
insert into tv_shows (end_year, num_seasons, id) values (2003, 5, 38);
insert into tv_shows (end_year, num_seasons, id) values (2015, 3, 39);
insert into tv_shows (end_year, num_seasons, id) values (2007, 2, 40);
insert into tv_shows (end_year, num_seasons, id) values (2014, 3, 41);
insert into tv_shows (end_year, num_seasons, id) values (null, 1, 42);
insert into tv_shows (end_year, num_seasons, id) values (2015, 4, 43);
insert into tv_shows (end_year, num_seasons, id) values (2013, 3, 44);
insert into tv_shows (end_year, num_seasons, id) values (null, 6, 45);
insert into tv_shows (end_year, num_seasons, id) values (2004, 3, 46);
insert into tv_shows (end_year, num_seasons, id) values (2006, 10, 47);
insert into tv_shows (end_year, num_seasons, id) values (null, 1, 48);
insert into tv_shows (end_year, num_seasons, id) values (null, 6, 49);
insert into tv_shows (end_year, num_seasons, id) values (null, 2, 50);


insert into CONTENT_GENRES (content_id, genres) values (1, 'MUSICAL');
insert into CONTENT_GENRES (content_id, genres) values (2, 'WESTERN');
insert into CONTENT_GENRES (content_id, genres) values (2, 'ROMANCE');
insert into CONTENT_GENRES (content_id, genres) values (3, 'SCIFI');
insert into CONTENT_GENRES (content_id, genres) values (3, 'ACTION');
insert into CONTENT_GENRES (content_id, genres) values (4, 'MYSTERY');
insert into CONTENT_GENRES (content_id, genres) values (5, 'MUSICAL');
insert into CONTENT_GENRES (content_id, genres) values (6, 'DRAMA');
insert into CONTENT_GENRES (content_id, genres) values (7, 'THRILLER');
insert into CONTENT_GENRES (content_id, genres) values (8, 'DRAMA');
insert into CONTENT_GENRES (content_id, genres) values (9, 'DOCUMENTARY');
insert into CONTENT_GENRES (content_id, genres) values (10, 'DRAMA');
insert into CONTENT_GENRES (content_id, genres) values (10, 'COMEDY');
insert into CONTENT_GENRES (content_id, genres) values (11, 'HORROR');
insert into CONTENT_GENRES (content_id, genres) values (12, 'WESTERN');
insert into CONTENT_GENRES (content_id, genres) values (12, 'ROMANCE');
insert into CONTENT_GENRES (content_id, genres) values (13, 'ROMANCE');
insert into CONTENT_GENRES (content_id, genres) values (13, 'COMEDY');
insert into CONTENT_GENRES (content_id, genres) values (14, 'DRAMA');
insert into CONTENT_GENRES (content_id, genres) values (15, 'CRIME');
insert into CONTENT_GENRES (content_id, genres) values (15, 'THRILLER');
insert into CONTENT_GENRES (content_id, genres) values (16, 'ACTION');
insert into CONTENT_GENRES (content_id, genres) values (16, 'HORROR');
insert into CONTENT_GENRES (content_id, genres) values (17, 'FANTASY');
insert into CONTENT_GENRES (content_id, genres) values (17, 'SCIFI');
insert into CONTENT_GENRES (content_id, genres) values (18, 'HISTORICAL');
insert into CONTENT_GENRES (content_id, genres) values (19, 'ANIMATION');
insert into CONTENT_GENRES (content_id, genres) values (20, 'MYSTERY');
insert into CONTENT_GENRES (content_id, genres) values (21, 'DRAMA');
insert into CONTENT_GENRES (content_id, genres) values (22, 'ANIMATION');
insert into CONTENT_GENRES (content_id, genres) values (22, 'COMEDY');
insert into CONTENT_GENRES (content_id, genres) values (23, 'COMEDY');
insert into CONTENT_GENRES (content_id, genres) values (24, 'ANIMATION');
insert into CONTENT_GENRES (content_id, genres) values (24, 'ACTION');
insert into CONTENT_GENRES (content_id, genres) values (25, 'COMEDY');
insert into CONTENT_GENRES (content_id, genres) values (25, 'ROMANCE');
insert into CONTENT_GENRES (content_id, genres) values (26, 'ACTION');
insert into CONTENT_GENRES (content_id, genres) values (27, 'CRIME');
insert into CONTENT_GENRES (content_id, genres) values (28, 'THRILLER');
insert into CONTENT_GENRES (content_id, genres) values (29, 'COMEDY');
insert into CONTENT_GENRES (content_id, genres) values (30, 'ROMANCE');
insert into CONTENT_GENRES (content_id, genres) values (31, 'CRIME');
insert into CONTENT_GENRES (content_id, genres) values (31, 'MYSTERY');
insert into CONTENT_GENRES (content_id, genres) values (32, 'COMEDY');
insert into CONTENT_GENRES (content_id, genres) values (33, 'COMEDY');
insert into CONTENT_GENRES (content_id, genres) values (34, 'ROMANCE');
insert into CONTENT_GENRES (content_id, genres) values (35, 'DRAMA');
insert into CONTENT_GENRES (content_id, genres) values (36, 'FANTASY');
insert into CONTENT_GENRES (content_id, genres) values (37, 'FANTASY');
insert into CONTENT_GENRES (content_id, genres) values (38, 'HISTORICAL');
insert into CONTENT_GENRES (content_id, genres) values (39, 'DOCUMENTARY');
insert into CONTENT_GENRES (content_id, genres) values (40, 'DRAMA');
insert into CONTENT_GENRES (content_id, genres) values (41, 'ACTION');
insert into CONTENT_GENRES (content_id, genres) values (42, 'ROMANCE');
insert into CONTENT_GENRES (content_id, genres) values (43, 'ANIMATION');
insert into CONTENT_GENRES (content_id, genres) values (43, 'MYSTERY');
insert into CONTENT_GENRES (content_id, genres) values (44, 'ANIMATION');
insert into CONTENT_GENRES (content_id, genres) values (44, 'FANTASY');
insert into CONTENT_GENRES (content_id, genres) values (45, 'ACTION');
insert into CONTENT_GENRES (content_id, genres) values (46, 'CRIME');
insert into CONTENT_GENRES (content_id, genres) values (47, 'ACTION');
insert into CONTENT_GENRES (content_id, genres) values (48, 'CRIME');
insert into CONTENT_GENRES (content_id, genres) values (49, 'MYSTERY');
insert into CONTENT_GENRES (content_id, genres) values (50, 'DRAMA');

insert into people (id, birthdate, deathdate, name, surname) values (1, '1963-06-9', null, 'Johnny', 'Depp');
insert into people (id, birthdate, deathdate, name, surname) values (2, '1985-04-30', null, 'Gal', 'Gadot');
insert into people (id, birthdate, deathdate, name, surname) values (3, '1969-02-11', null, 'Jennifer', 'Aniston');
insert into people (id, birthdate, deathdate, name, surname) values (4, '1940-02-10', '2011-04-05', 'Reid', 'Cossum');
insert into people (id, birthdate, deathdate, name, surname) values (5, '1993-01-01', null, 'Tyrus', 'Stoile');
insert into people (id, birthdate, deathdate, name, surname) values (6, '1952-05-28', '2001-09-01', 'Valida', 'Kubczak');
insert into people (id, birthdate, deathdate, name, surname) values (7, '2000-02-15', null, 'Gino', 'Babe');
insert into people (id, birthdate, deathdate, name, surname) values (8, '1978-07-25', '2016-12-30', 'Chicky', 'Straw');
insert into people (id, birthdate, deathdate, name, surname) values (9, '1977-09-16', null, 'Lesley', 'Omrod');
insert into people (id, birthdate, deathdate, name, surname) values (10, '1962-03-19', null, 'Brion', 'Autry');
insert into people (id, birthdate, deathdate, name, surname) values (11, '1997-12-07', null, 'Urbain', 'Dunsmore');
insert into people (id, birthdate, deathdate, name, surname) values (12, '1985-08-16', null, 'Denice', 'Seeking');
insert into people (id, birthdate, deathdate, name, surname) values (13, '1986-03-06', null, 'Halette', 'Foden');
insert into people (id, birthdate, deathdate, name, surname) values (14, '1962-11-19', null, 'Gabbie', 'Durward');
insert into people (id, birthdate, deathdate, name, surname) values (15, '1963-11-19', null, 'Stefa', 'Baylis');
insert into people (id, birthdate, deathdate, name, surname) values (16, '1962-08-06', '2014-05-17', 'Dickie', 'Smithyman');
insert into people (id, birthdate, deathdate, name, surname) values (17, '1996-08-30', null, 'Maury', 'Fogarty');
insert into people (id, birthdate, deathdate, name, surname) values (18, '1999-10-22', null, 'Nixie', 'Scyner');
insert into people (id, birthdate, deathdate, name, surname) values (19, '1974-03-02', null, 'Viva', 'Fairbourn');
insert into people (id, birthdate, deathdate, name, surname) values (20, '1965-03-21', '2019-06-24', 'Carlotta', 'Grieg');


insert into CONTENT_CONTRIBUTORS  (content_id, person_id, role) values (1, 1, 'ACTOR');
insert into CONTENT_CONTRIBUTORS  (content_id, person_id, role) values (23, 1, 'ACTOR');
insert into CONTENT_CONTRIBUTORS  (content_id, person_id, role) values (1, 1, 'ACTOR');
insert into CONTENT_CONTRIBUTORS  (content_id, person_id, role) values (1, 2, 'ACTOR');
insert into CONTENT_CONTRIBUTORS  (content_id, person_id, role) values (2, 2, 'ACTOR');
insert into CONTENT_CONTRIBUTORS  (content_id, person_id, role) values (2, 2, 'ACTOR');
insert into CONTENT_CONTRIBUTORS  (content_id, person_id, role) values (23, 3, 'ACTOR');
insert into CONTENT_CONTRIBUTORS  (content_id, person_id, role) values (2, 3, 'ACTOR');
insert into CONTENT_CONTRIBUTORS  (content_id, person_id, role) values (3, 3, 'ACTOR');
insert into CONTENT_CONTRIBUTORS  (content_id, person_id, role) values (3, 4, 'ACTOR');
insert into CONTENT_CONTRIBUTORS  (content_id, person_id, role) values (3, 4, 'ACTOR');
insert into CONTENT_CONTRIBUTORS  (content_id, person_id, role) values (3, 4, 'ACTOR');
insert into CONTENT_CONTRIBUTORS  (content_id, person_id, role) values (24, 5, 'ACTOR');
insert into CONTENT_CONTRIBUTORS  (content_id, person_id, role) values (4,  5, 'ACTOR');
insert into CONTENT_CONTRIBUTORS  (content_id, person_id, role) values (23, 5, 'ACTOR');
insert into CONTENT_CONTRIBUTORS  (content_id, person_id, role) values (25, 6, 'ACTOR');
insert into CONTENT_CONTRIBUTORS  (content_id, person_id, role) values (5,  6, 'ACTOR');
insert into CONTENT_CONTRIBUTORS  (content_id, person_id, role) values (24, 6, 'ACTOR');
insert into CONTENT_CONTRIBUTORS  (content_id, person_id, role) values (23, 7, 'ACTOR');
insert into CONTENT_CONTRIBUTORS  (content_id, person_id, role) values (26, 7, 'ACTOR');
insert into CONTENT_CONTRIBUTORS  (content_id, person_id, role) values (25, 7, 'ACTOR');
insert into CONTENT_CONTRIBUTORS  (content_id, person_id, role) values (26, 8, 'ACTOR');
insert into CONTENT_CONTRIBUTORS  (content_id, person_id, role) values (6,  8, 'ACTOR');
insert into CONTENT_CONTRIBUTORS  (content_id, person_id, role) values (6,  8, 'ACTOR');
insert into CONTENT_CONTRIBUTORS  (content_id, person_id, role) values (26, 9, 'ACTOR');
insert into CONTENT_CONTRIBUTORS  (content_id, person_id, role) values (24, 9, 'ACTOR');
insert into CONTENT_CONTRIBUTORS  (content_id, person_id, role) values (26, 9, 'ACTOR');
insert into CONTENT_CONTRIBUTORS  (content_id, person_id, role) values (27, 10, 'ACTOR');
insert into CONTENT_CONTRIBUTORS  (content_id, person_id, role) values (25, 10, 'ACTOR');
insert into CONTENT_CONTRIBUTORS  (content_id, person_id, role) values (24, 10, 'ACTOR');
insert into CONTENT_CONTRIBUTORS  (content_id, person_id, role) values (8,  11, 'ACTOR');
insert into CONTENT_CONTRIBUTORS  (content_id, person_id, role) values (8,  11, 'ACTOR');
insert into CONTENT_CONTRIBUTORS  (content_id, person_id, role) values (27, 11, 'ACTOR');
insert into CONTENT_CONTRIBUTORS  (content_id, person_id, role) values (9,  12, 'ACTOR');
insert into CONTENT_CONTRIBUTORS  (content_id, person_id, role) values (26, 12, 'ACTOR');
insert into CONTENT_CONTRIBUTORS  (content_id, person_id, role) values (9,  12, 'ACTOR');
insert into CONTENT_CONTRIBUTORS  (content_id, person_id, role) values (28, 13, 'ACTOR');
insert into CONTENT_CONTRIBUTORS  (content_id, person_id, role) values (10, 13, 'ACTOR');
insert into CONTENT_CONTRIBUTORS  (content_id, person_id, role) values (26, 13, 'ACTOR');
insert into CONTENT_CONTRIBUTORS  (content_id, person_id, role) values (29, 14, 'ACTOR');
insert into CONTENT_CONTRIBUTORS  (content_id, person_id, role) values (27, 14, 'ACTOR');
insert into CONTENT_CONTRIBUTORS  (content_id, person_id, role) values (28, 14, 'ACTOR');
insert into CONTENT_CONTRIBUTORS  (content_id, person_id, role) values (11, 15, 'ACTOR');
insert into CONTENT_CONTRIBUTORS  (content_id, person_id, role) values (11, 15, 'ACTOR');
insert into CONTENT_CONTRIBUTORS  (content_id, person_id, role) values (29, 15, 'ACTOR');
insert into CONTENT_CONTRIBUTORS  (content_id, person_id, role) values (30, 16, 'ACTOR');
insert into CONTENT_CONTRIBUTORS  (content_id, person_id, role) values (12, 16, 'ACTOR');
insert into CONTENT_CONTRIBUTORS  (content_id, person_id, role) values (31, 16, 'ACTOR');
insert into CONTENT_CONTRIBUTORS  (content_id, person_id, role) values (13, 17, 'ACTOR');
insert into CONTENT_CONTRIBUTORS  (content_id, person_id, role) values (28, 17, 'ACTOR');
insert into CONTENT_CONTRIBUTORS  (content_id, person_id, role) values (30, 17, 'ACTOR');
insert into CONTENT_CONTRIBUTORS  (content_id, person_id, role) values (13, 18, 'ACTOR');
insert into CONTENT_CONTRIBUTORS  (content_id, person_id, role) values (32, 18, 'ACTOR');
insert into CONTENT_CONTRIBUTORS  (content_id, person_id, role) values (28, 18, 'ACTOR');
insert into CONTENT_CONTRIBUTORS  (content_id, person_id, role) values (33, 19, 'ACTOR');
insert into CONTENT_CONTRIBUTORS  (content_id, person_id, role) values (15, 19, 'ACTOR');
insert into CONTENT_CONTRIBUTORS  (content_id, person_id, role) values (34, 19, 'ACTOR');
insert into CONTENT_CONTRIBUTORS  (content_id, person_id, role) values (32, 20, 'ACTOR');
insert into CONTENT_CONTRIBUTORS  (content_id, person_id, role) values (30, 20, 'ACTOR');
insert into CONTENT_CONTRIBUTORS  (content_id, person_id, role) values (33, 20, 'ACTOR');
insert into CONTENT_CONTRIBUTORS  (content_id, person_id, role) values (31, 21, 'ACTOR');
insert into CONTENT_CONTRIBUTORS  (content_id, person_id, role) values (34, 21, 'ACTOR');
insert into CONTENT_CONTRIBUTORS  (content_id, person_id, role) values (30, 21, 'ACTOR');
insert into CONTENT_CONTRIBUTORS  (content_id, person_id, role) values (35, 22, 'ACTOR');
insert into CONTENT_CONTRIBUTORS  (content_id, person_id, role) values (31, 22, 'ACTOR');
insert into CONTENT_CONTRIBUTORS  (content_id, person_id, role) values (32, 22, 'ACTOR');
insert into CONTENT_CONTRIBUTORS  (content_id, person_id, role) values (36, 1, 'ACTOR');
insert into CONTENT_CONTRIBUTORS  (content_id, person_id, role) values (33, 1, 'ACTOR');
insert into CONTENT_CONTRIBUTORS  (content_id, person_id, role) values (35, 1, 'ACTOR');
insert into CONTENT_CONTRIBUTORS  (content_id, person_id, role) values (34, 2, 'ACTOR');
insert into CONTENT_CONTRIBUTORS  (content_id, person_id, role) values (18, 2, 'ACTOR');
insert into CONTENT_CONTRIBUTORS  (content_id, person_id, role) values (36, 2, 'ACTOR');
insert into CONTENT_CONTRIBUTORS  (content_id, person_id, role) values (19, 3, 'ACTOR');
insert into CONTENT_CONTRIBUTORS  (content_id, person_id, role) values (34, 3, 'ACTOR');
insert into CONTENT_CONTRIBUTORS  (content_id, person_id, role) values (19, 3, 'ACTOR');
insert into CONTENT_CONTRIBUTORS  (content_id, person_id, role) values (19, 4, 'ACTOR');
insert into CONTENT_CONTRIBUTORS  (content_id, person_id, role) values (35, 4, 'ACTOR');
insert into CONTENT_CONTRIBUTORS  (content_id, person_id, role) values (20, 4, 'ACTOR');
insert into CONTENT_CONTRIBUTORS  (content_id, person_id, role) values (20, 5, 'ACTOR');
insert into CONTENT_CONTRIBUTORS  (content_id, person_id, role) values (36, 5, 'ACTOR');
insert into CONTENT_CONTRIBUTORS  (content_id, person_id, role) values (35, 5, 'ACTOR');
insert into CONTENT_CONTRIBUTORS  (content_id, person_id, role) values (21, 6, 'ACTOR');
insert into CONTENT_CONTRIBUTORS  (content_id, person_id, role) values (22, 6, 'ACTOR');
insert into CONTENT_CONTRIBUTORS  (content_id, person_id, role) values (36, 6, 'ACTOR');
insert into CONTENT_CONTRIBUTORS  (content_id, person_id, role) values (22, 7, 'ACTOR');
insert into CONTENT_CONTRIBUTORS  (content_id, person_id, role) values (22, 7, 'ACTOR');
insert into CONTENT_CONTRIBUTORS  (content_id, person_id, role) values (48, 7, 'ACTOR');
insert into CONTENT_CONTRIBUTORS  (content_id, person_id, role) values (37, 8, 'ACTOR');
insert into CONTENT_CONTRIBUTORS  (content_id, person_id, role) values (38, 8, 'ACTOR');
insert into CONTENT_CONTRIBUTORS  (content_id, person_id, role) values (48, 8, 'ACTOR');
insert into CONTENT_CONTRIBUTORS  (content_id, person_id, role) values (37, 9, 'ACTOR');
insert into CONTENT_CONTRIBUTORS  (content_id, person_id, role) values (38, 9, 'ACTOR');
insert into CONTENT_CONTRIBUTORS  (content_id, person_id, role) values (47, 9, 'ACTOR');
insert into CONTENT_CONTRIBUTORS  (content_id, person_id, role) values (48, 10, 'ACTOR');
insert into CONTENT_CONTRIBUTORS  (content_id, person_id, role) values (37, 10, 'ACTOR');
insert into CONTENT_CONTRIBUTORS  (content_id, person_id, role) values (39, 10, 'ACTOR');
insert into CONTENT_CONTRIBUTORS  (content_id, person_id, role) values (48, 11, 'ACTOR');
insert into CONTENT_CONTRIBUTORS  (content_id, person_id, role) values (37, 11, 'ACTOR');
insert into CONTENT_CONTRIBUTORS  (content_id, person_id, role) values (41, 11, 'ACTOR');
insert into CONTENT_CONTRIBUTORS  (content_id, person_id, role) values (47, 12, 'ACTOR');
insert into CONTENT_CONTRIBUTORS  (content_id, person_id, role) values (42, 12, 'ACTOR');
insert into CONTENT_CONTRIBUTORS  (content_id, person_id, role) values (48, 12, 'ACTOR');
insert into CONTENT_CONTRIBUTORS  (content_id, person_id, role) values (45, 13, 'ACTOR');
insert into CONTENT_CONTRIBUTORS  (content_id, person_id, role) values (44, 13, 'ACTOR');
insert into CONTENT_CONTRIBUTORS  (content_id, person_id, role) values (47, 13, 'ACTOR');
insert into CONTENT_CONTRIBUTORS  (content_id, person_id, role) values (45, 14, 'ACTOR');
insert into CONTENT_CONTRIBUTORS  (content_id, person_id, role) values (44, 14, 'ACTOR');
insert into CONTENT_CONTRIBUTORS  (content_id, person_id, role) values (43, 14, 'ACTOR');
insert into CONTENT_CONTRIBUTORS  (content_id, person_id, role) values (46, 15, 'ACTOR');
insert into CONTENT_CONTRIBUTORS  (content_id, person_id, role) values (45, 15, 'ACTOR');
insert into CONTENT_CONTRIBUTORS  (content_id, person_id, role) values (44, 15, 'ACTOR');
insert into CONTENT_CONTRIBUTORS  (content_id, person_id, role) values (46, 16, 'ACTOR');
insert into CONTENT_CONTRIBUTORS  (content_id, person_id, role) values (45, 16, 'ACTOR');
insert into CONTENT_CONTRIBUTORS  (content_id, person_id, role) values (44, 16, 'ACTOR');
insert into CONTENT_CONTRIBUTORS  (content_id, person_id, role) values (43, 17, 'ACTOR');
insert into CONTENT_CONTRIBUTORS  (content_id, person_id, role) values (42, 17, 'ACTOR');
insert into CONTENT_CONTRIBUTORS  (content_id, person_id, role) values (46, 17, 'ACTOR');
insert into CONTENT_CONTRIBUTORS  (content_id, person_id, role) values (45, 18, 'ACTOR');
insert into CONTENT_CONTRIBUTORS  (content_id, person_id, role) values (44, 18, 'ACTOR');
insert into CONTENT_CONTRIBUTORS  (content_id, person_id, role) values (43, 18, 'ACTOR');
insert into CONTENT_CONTRIBUTORS  (content_id, person_id, role) values (1, 19, 'PRODUCER');
insert into CONTENT_CONTRIBUTORS  (content_id, person_id, role) values (2, 19, 'PRODUCER');
insert into CONTENT_CONTRIBUTORS  (content_id, person_id, role) values (3, 19, 'PRODUCER');
insert into CONTENT_CONTRIBUTORS  (content_id, person_id, role) values (14, 19, 'PRODUCER');
insert into CONTENT_CONTRIBUTORS  (content_id, person_id, role) values (25, 19, 'PRODUCER');
insert into CONTENT_CONTRIBUTORS  (content_id, person_id, role) values (36, 20, 'PRODUCER');
insert into CONTENT_CONTRIBUTORS  (content_id, person_id, role) values (47, 20, 'PRODUCER');
insert into CONTENT_CONTRIBUTORS  (content_id, person_id, role) values (8, 20, 'PRODUCER');
insert into CONTENT_CONTRIBUTORS  (content_id, person_id, role) values (19, 20, 'PRODUCER');
insert into CONTENT_CONTRIBUTORS  (content_id, person_id, role) values (20, 20, 'PRODUCER');
insert into CONTENT_CONTRIBUTORS  (content_id, person_id, role) values (31, 20, 'PRODUCER');
insert into CONTENT_CONTRIBUTORS  (content_id, person_id, role) values (42, 20, 'PRODUCER');
insert into CONTENT_CONTRIBUTORS  (content_id, person_id, role) values (18, 19, 'PRODUCER');
insert into CONTENT_CONTRIBUTORS  (content_id, person_id, role) values (9, 9, 'PRODUCER');
insert into CONTENT_CONTRIBUTORS  (content_id, person_id, role) values (30, 7, 'PRODUCER');
insert into CONTENT_CONTRIBUTORS  (content_id, person_id, role) values (1, 11, 'DIRECTOR');
insert into CONTENT_CONTRIBUTORS  (content_id, person_id, role) values (12, 20, 'DIRECTOR');
insert into CONTENT_CONTRIBUTORS  (content_id, person_id, role) values (33, 13, 'DIRECTOR');
insert into CONTENT_CONTRIBUTORS  (content_id, person_id, role) values (44, 4, 'DIRECTOR');
insert into CONTENT_CONTRIBUTORS  (content_id, person_id, role) values (5, 20, 'DIRECTOR');
insert into CONTENT_CONTRIBUTORS  (content_id, person_id, role) values (16, 6, 'DIRECTOR');
insert into CONTENT_CONTRIBUTORS  (content_id, person_id, role) values (27, 20, 'DIRECTOR');
insert into CONTENT_CONTRIBUTORS  (content_id, person_id, role) values (38, 18, 'DIRECTOR');
insert into CONTENT_CONTRIBUTORS  (content_id, person_id, role) values (49, 20, 'DIRECTOR');
insert into CONTENT_CONTRIBUTORS  (content_id, person_id, role) values (10, 8, 'DIRECTOR');
insert into CONTENT_CONTRIBUTORS  (content_id, person_id, role) values (1, 20, 'DIRECTOR');
insert into CONTENT_CONTRIBUTORS  (content_id, person_id, role) values (12, 20, 'DIRECTOR');
insert into CONTENT_CONTRIBUTORS  (content_id, person_id, role) values (23, 20, 'DIRECTOR');
insert into CONTENT_CONTRIBUTORS  (content_id, person_id, role) values (34, 13, 'DIRECTOR');
insert into CONTENT_CONTRIBUTORS  (content_id, person_id, role) values (45, 13, 'DIRECTOR');
insert into CONTENT_CONTRIBUTORS  (content_id, person_id, role) values (6, 20, 'DIRECTOR');
insert into CONTENT_CONTRIBUTORS  (content_id, person_id, role) values (17, 16, 'DIRECTOR');
insert into CONTENT_CONTRIBUTORS  (content_id, person_id, role) values (28, 20, 'DIRECTOR');
insert into CONTENT_CONTRIBUTORS  (content_id, person_id, role) values (39, 20, 'DIRECTOR');
insert into CONTENT_CONTRIBUTORS  (content_id, person_id, role) values (50, 19, 'DIRECTOR');
insert into CONTENT_CONTRIBUTORS  (content_id, person_id, role) values (11, 19, 'DIRECTOR');
insert into CONTENT_CONTRIBUTORS  (content_id, person_id, role) values (22, 19, 'DIRECTOR');
insert into CONTENT_CONTRIBUTORS  (content_id, person_id, role) values (37, 19, 'DIRECTOR');
insert into CONTENT_CONTRIBUTORS  (content_id, person_id, role) values (44, 19, 'DIRECTOR');
insert into CONTENT_CONTRIBUTORS  (content_id, person_id, role) values (5, 19, 'DIRECTOR');
insert into CONTENT_CONTRIBUTORS  (content_id, person_id, role) values (6, 1, 'WRITER');
insert into CONTENT_CONTRIBUTORS  (content_id, person_id, role) values (17, 11, 'WRITER');
insert into CONTENT_CONTRIBUTORS  (content_id, person_id, role) values (28, 20, 'WRITER');
insert into CONTENT_CONTRIBUTORS  (content_id, person_id, role) values (37, 19, 'WRITER');
insert into CONTENT_CONTRIBUTORS  (content_id, person_id, role) values (50, 14, 'WRITER');


insert into CRITIC_REVIEWS (id, content_id, author, rating, submitted_at, body) values (1, 1, 'Leonardo Ramos', 6.1, '2021-03-08', 'Donec semper sapien a libero. Nam dui. Proin leo odio, porttitor id, consequat in, consequat ut, nulla.');
insert into CRITIC_REVIEWS (id, content_id, author, rating, submitted_at, body) values (2, 27, 'Nedi Battie', 9.2, '2021-10-31', 'Vestibulum quam sapien, varius ut, blandit non, interdum in, ante. Vestibulum ante ipsum primis in faucibus orci luctus et ultrices posuere cubilia Curae; Duis faucibus accumsan odio. Curabitur convallis. Duis consequat dui nec nisi volutpat eleifend. Donec ut dolor.');
insert into CRITIC_REVIEWS (id, content_id, author, rating, submitted_at, body) values (3, 6, 'Shandie Tolfrey', 8.7, '2021-10-28', 'Curabitur at ipsum ac tellus semper interdum. Mauris ullamcorper purus sit amet nulla.');
insert into CRITIC_REVIEWS (id, content_id, author, rating, submitted_at, body) values (4, 4, 'Kary Gumey', 9.6, '2021-07-17', 'Aliquam quis turpis eget elit sodales scelerisque. Mauris sit amet eros.');
insert into CRITIC_REVIEWS (id, content_id, author, rating, submitted_at, body) values (5, 39, 'Merrilee Tucsell', 7.0, '2021-03-12', 'Etiam pretium iaculis justo. In hac habitasse platea dictumst. Etiam faucibus cursus urna. Ut tellus. Nulla ut erat id mauris vulputate elementum.');
insert into CRITIC_REVIEWS (id, content_id, author, rating, submitted_at, body) values (6, 1, 'Cullie Feldmann', 7.6, '2021-05-31', 'Nullam sit amet turpis elementum ligula vehicula consequat. Morbi a ipsum. Integer a nibh. In quis justo. Maecenas rhoncus aliquam lacus.');
insert into CRITIC_REVIEWS (id, content_id, author, rating, submitted_at, body) values (7, 26, 'Valera Hearn', 5.3, '2021-09-18', 'Suspendisse potenti. In eleifend quam a odio. In hac habitasse platea dictumst. Maecenas ut massa quis augue luctus tincidunt. Nulla mollis molestie lorem.');
insert into CRITIC_REVIEWS (id, content_id, author, rating, submitted_at, body) values (8, 28, 'Selina Daens', 5.8, '2021-04-26', 'Morbi non quam nec dui luctus rutrum.');
insert into CRITIC_REVIEWS (id, content_id, author, rating, submitted_at, body) values (9, 4, 'Pierson Look', 7.8, '2021-07-12', 'Fusce lacus purus, aliquet at, feugiat non, pretium quis, lectus. Suspendisse potenti. In eleifend quam a odio. In hac habitasse platea dictumst. Maecenas ut massa quis augue luctus tincidunt.');
insert into CRITIC_REVIEWS (id, content_id, author, rating, submitted_at, body) values (10, 5, 'Adi Buse', 8.0, '2021-11-12', 'Nunc rhoncus dui vel sem. Sed sagittis.');
insert into CRITIC_REVIEWS (id, content_id, author, rating, submitted_at, body) values (11,7, 'Cassy Parradice', 8.3, '2021-08-27', 'In hac habitasse platea dictumst. Morbi vestibulum, velit id pretium iaculis, diam erat fermentum justo, nec condimentum neque sapien placerat ante. Nulla justo. Aliquam quis turpis eget elit sodales scelerisque.');
insert into CRITIC_REVIEWS (id, content_id, author, rating, submitted_at, body) values (12, 3, 'Retha Remmers', 7.9, '2021-02-26', 'Cum sociis natoque penatibus et magnis dis parturient montes, nascetur ridiculus mus. Vivamus vestibulum sagittis sapien.');
insert into CRITIC_REVIEWS (id, content_id, author, rating, submitted_at, body) values (13, 40, 'Burton Shovelton', 6.9, '2021-12-23', 'Integer aliquet, massa id lobortis convallis, tortor risus dapibus augue, vel accumsan tellus nisi eu orci. Mauris lacinia sapien quis libero.');
insert into CRITIC_REVIEWS (id, content_id, author, rating, submitted_at, body) values (14, 29, 'Lorry Hapgood', 7.1, '2021-12-18', 'Proin interdum mauris non ligula pellentesque ultrices.');
insert into CRITIC_REVIEWS (id, content_id, author, rating, submitted_at, body) values (15, 2, 'Juditha Banbury', 7.8, '2021-10-14', 'Curabitur gravida nisi at nibh. In hac habitasse platea dictumst.');
insert into CRITIC_REVIEWS (id, content_id, author, rating, submitted_at, body) values (16, 3, 'Guthry Smeed', 9.0, '2021-02-15', 'Nulla suscipit ligula in lacus. Curabitur at ipsum ac tellus semper interdum. Mauris ullamcorper purus sit amet nulla. Quisque arcu libero, rutrum ac, lobortis vel, dapibus at, diam. Nam tristique tortor eu pede.');
insert into CRITIC_REVIEWS (id, content_id, author, rating, submitted_at, body) values (17,9, 'Alexia Merrigan', 6.3, '2021-03-10', 'Morbi vestibulum, velit id pretium iaculis, diam erat fermentum justo, nec condimentum neque sapien placerat ante.');
insert into CRITIC_REVIEWS (id, content_id, author, rating, submitted_at, body) values (18, 6, 'Kendricks Pfeffle', 6.1, '2021-12-30', 'Cum sociis natoque penatibus et magnis dis parturient montes, nascetur ridiculus mus.');
insert into CRITIC_REVIEWS (id, content_id, author, rating, submitted_at, body) values (19, 10, 'Olenolin Restill', 6.0, '2021-11-09', 'Nam congue, risus semper porta volutpat, quam pede lobortis ligula, sit amet eleifend pede libero quis orci. Nullam molestie nibh in lectus. Pellentesque at nulla. Suspendisse potenti. Cras in purus eu magna vulputate luctus.');
insert into CRITIC_REVIEWS (id, content_id, author, rating, submitted_at, body) values (20, 41, 'Miof mela Shepherdson', 7.9, '2021-01-17', 'Nullam orci pede, venenatis non, sodales sed, tincidunt eu, felis. Fusce posuere felis sed lacus. Morbi sem mauris, laoreet ut, rhoncus aliquet, pulvinar sed, nisl. Nunc rhoncus dui vel sem. Sed sagittis.');
insert into CRITIC_REVIEWS (id, content_id, author, rating, submitted_at, body) values (21, 2, 'Quinlan Keese', 5.1, '2021-03-25', 'Quisque porta volutpat erat. Quisque erat eros, viverra eget, congue eget, semper rutrum, nulla.');
insert into CRITIC_REVIEWS (id, content_id, author, rating, submitted_at, body) values (22, 11, 'Mirna Ygoe', 8.8, '2021-12-06', 'Vivamus tortor.');
insert into CRITIC_REVIEWS (id, content_id, author, rating, submitted_at, body) values (23, 12, 'Zeke Worsall', 5.3, '2021-03-01', 'Fusce congue, diam id ornare imperdiet, sapien urna pretium nisl, ut volutpat sapien arcu sed augue. Aliquam erat volutpat. In congue.');
insert into CRITIC_REVIEWS (id, content_id, author, rating, submitted_at, body) values (24, 5, 'Ashton Kinlock', 7.5, '2021-12-19', 'Fusce posuere felis sed lacus. Morbi sem mauris, laoreet ut, rhoncus aliquet, pulvinar sed, nisl.');
insert into CRITIC_REVIEWS (id, content_id, author, rating, submitted_at, body) values (25, 13, 'Pete Venes', 8.3, '2021-03-06', 'Sed accumsan felis. Ut at dolor quis odio consequat varius. Integer ac leo. Pellentesque ultrices mattis odio.');
insert into CRITIC_REVIEWS (id, content_id, author, rating, submitted_at, body) values (26, 7, 'Bron Bowman', 6.3, '2021-11-21', 'Pellentesque ultrices mattis odio. Donec vitae nisi.');
insert into CRITIC_REVIEWS (id, content_id, author, rating, submitted_at, body) values (27, 10, 'Wenona Viel', 8.5, '2021-03-20', 'Vivamus tortor. Duis mattis egestas metus.');
insert into CRITIC_REVIEWS (id, content_id, author, rating, submitted_at, body) values (28, 6, 'Blinni Conibeer', 5.7, '2021-12-23', 'Donec odio justo, sollicitudin ut, suscipit a, feugiat et, eros. Vestibulum ac est lacinia nisi venenatis tristique. Fusce congue, diam id ornare imperdiet, sapien urna pretium nisl, ut volutpat sapien arcu sed augue. Aliquam erat volutpat. In congue.');
insert into CRITIC_REVIEWS (id, content_id, author, rating, submitted_at, body) values (29, 8, 'Julianna Strickler', 7.3, '2021-03-14', 'Sed ante. Vivamus tortor. Duis mattis egestas metus.');
insert into CRITIC_REVIEWS (id, content_id, author, rating, submitted_at, body) values (30, 38, 'Cynthie Cometti', 5.2, '2021-11-29', 'Etiam pretium iaculis justo. In hac habitasse platea dictumst. Etiam faucibus cursus urna. Ut tellus.');
insert into CRITIC_REVIEWS (id, content_id, author, rating, submitted_at, body) values (31, 12, 'Erminia Mavin', 9.2, '2021-05-20', 'Aliquam non mauris. Morbi non lectus. Aliquam sit amet diam in magna bibendum imperdiet. Nullam orci pede, venenatis non, sodales sed, tincidunt eu, felis. Fusce posuere felis sed lacus.');
insert into CRITIC_REVIEWS (id, content_id, author, rating, submitted_at, body) values (32, 9, 'Phillida Shenton', 7.7, '2021-05-29', 'Morbi quis tortor id nulla ultrices aliquet. Maecenas leo odio, condimentum id, luctus nec, molestie sed, justo. Pellentesque viverra pede ac diam.');
insert into CRITIC_REVIEWS (id, content_id, author, rating, submitted_at, body) values (33, 14, 'Franky Hamlet', 8.0, '2021-06-28', 'Aliquam sit amet diam in magna bibendum imperdiet. Nullam orci pede, venenatis non, sodales sed, tincidunt eu, felis. Fusce posuere felis sed lacus. Morbi sem mauris, laoreet ut, rhoncus aliquet, pulvinar sed, nisl.');
insert into CRITIC_REVIEWS (id, content_id, author, rating, submitted_at, body) values (34, 10, 'Nathan Grasner', 9.7, '2021-03-17', 'Aenean sit amet justo. Morbi ut odio. Cras mi pede, malesuada in, imperdiet et, commodo vulputate, justo.');
insert into CRITIC_REVIEWS (id, content_id, author, rating, submitted_at, body) values (35, 46, 'Ryun Blindermann', 7.4, '2021-04-06', 'Integer non velit. Donec diam neque, vestibulum eget, vulputate ut, ultrices vel, augue. Vestibulum ante ipsum primis in faucibus orci luctus et ultrices posuere cubilia Curae; Donec pharetra, magna vestibulum aliquet ultrices, erat tortor sollicitudin mi, sit amet lobortis sapien sapien non mi.');
insert into CRITIC_REVIEWS (id, content_id, author, rating, submitted_at, body) values (36, 32, 'Archibold Bizley', 8.1, '2021-12-10', 'Maecenas rhoncus aliquam lacus. Morbi quis tortor id nulla ultrices aliquet.');
insert into CRITIC_REVIEWS (id, content_id, author, rating, submitted_at, body) values (37, 15, 'Madelle Normavill', 7.1, '2021-02-19', 'Donec vitae nisi. Nam ultrices, libero non mattis pulvinar, nulla pede ullamcorper augue, a suscipit nulla elit ac nulla.');
insert into CRITIC_REVIEWS (id, content_id, author, rating, submitted_at, body) values (38, 12, 'Corabel Jumeau', 5.3, '2021-01-15', 'Nam ultrices, libero non mattis pulvinar, nulla pede ullamcorper augue, a suscipit nulla elit ac nulla.');
insert into CRITIC_REVIEWS (id, content_id, author, rating, submitted_at, body) values (39, 8, 'Roley Paule', 5.6, '2021-09-27', 'Sed vel enim sit amet nunc viverra dapibus. Nulla suscipit ligula in lacus.');
insert into CRITIC_REVIEWS (id, content_id, author, rating, submitted_at, body) values (40, 13, 'Eward Edmondson', 8.2, '2021-05-02', 'Maecenas leo odio, condimentum id, luctus nec, molestie sed, justo. Pellentesque viverra pede ac diam. Cras pellentesque volutpat dui. Maecenas tristique, est et tempus semper, est quam pharetra magna, ac consequat metus sapien ut nunc.');
insert into CRITIC_REVIEWS (id, content_id, author, rating, submitted_at, body) values (41, 14, 'Lorelle Furlong', 9.1, '2021-07-14', 'Proin interdum mauris non ligula pellentesque ultrices. Phasellus id sapien in sapien iaculis congue. Vivamus metus arcu, adipiscing molestie, hendrerit at, vulputate vitae, nisl. Aenean lectus.');
insert into CRITIC_REVIEWS (id, content_id, author, rating, submitted_at, body) values (42, 49, 'Lanni Milward', 5.3, '2021-04-25', 'Vestibulum ac est lacinia nisi venenatis tristique. Fusce congue, diam id ornare imperdiet, sapien urna pretium nisl, ut volutpat sapien arcu sed augue. Aliquam erat volutpat.');
insert into CRITIC_REVIEWS (id, content_id, author, rating, submitted_at, body) values (43, 47, 'Antoine Parffrey', 5.1, '2021-12-09', 'Vestibulum ante ipsum primis in faucibus orci luctus et ultrices posuere cubilia Curae; Mauris viverra diam vitae quam. Suspendisse potenti. Nullam porttitor lacus at turpis. Donec posuere metus vitae ipsum. Aliquam non mauris.');
insert into CRITIC_REVIEWS (id, content_id, author, rating, submitted_at, body) values (44, 10, 'Elvin Littlemore', 7.5, '2021-04-03', 'Donec ut mauris eget massa tempor convallis. Nulla neque libero, convallis eget, eleifend luctus, ultricies eu, nibh. Quisque id justo sit amet sapien dignissim vestibulum. Vestibulum ante ipsum primis in faucibus orci luctus et ultrices posuere cubilia Curae; Nulla dapibus dolor vel est.');
insert into CRITIC_REVIEWS (id, content_id, author, rating, submitted_at, body) values (45, 15, 'Maxim Burwell', 9.0, '2021-01-12', 'Maecenas leo odio, condimentum id, luctus nec, molestie sed, justo.');
insert into CRITIC_REVIEWS (id, content_id, author, rating, submitted_at, body) values (46, 33, 'Lorrie Runciman', 5.9, '2021-11-13', 'Sed accumsan felis. Ut at dolor quis odio consequat varius.');
insert into CRITIC_REVIEWS (id, content_id, author, rating, submitted_at, body) values (47, 11, 'Alvy Chattey', 6.4, '2021-01-20', 'In tempor, turpis nec euismod scelerisque, quam turpis adipiscing lorem, vitae mattis nibh ligula nec sem. Duis aliquam convallis nunc.');
insert into CRITIC_REVIEWS (id, content_id, author, rating, submitted_at, body) values (48, 30, 'Reagan Cases', 7.5, '2021-09-18', 'Lorem ipsum dolor sit amet, consectetuer adipiscing elit.');
insert into CRITIC_REVIEWS (id, content_id, author, rating, submitted_at, body) values (49, 25, 'Catlaina Kingzet', 7.2, '2021-01-26', 'Vivamus vel nulla eget eros elementum pellentesque. Quisque porta volutpat erat.');
insert into CRITIC_REVIEWS (id, content_id, author, rating, submitted_at, body) values (50, 24, 'Borg Shadwick', 5.6, '2021-04-11', 'Duis bibendum, felis sed interdum venenatis, turpis enim blandit mi, in porttitor pede justo eu massa. Donec dapibus. Duis at velit eu est congue elementum.');
insert into CRITIC_REVIEWS (id, content_id, author, rating, submitted_at, body) values (51, 31, 'Sherlocke Cavill', 9.6, '2021-06-19', 'Sed accumsan felis. Ut at dolor quis odio consequat varius. Integer ac leo.');
insert into CRITIC_REVIEWS (id, content_id, author, rating, submitted_at, body) values (52, 17, 'Eolande Dupre', 6.8, '2021-03-08', 'Nulla tempus. Vivamus in felis eu sapien cursus vestibulum. Proin eu mi.');
insert into CRITIC_REVIEWS (id, content_id, author, rating, submitted_at, body) values (53, 21, 'Anna-maria Fronsek', 6.3, '2021-08-08', 'Nam ultrices, libero non mattis pulvinar, nulla pede ullamcorper augue, a suscipit nulla elit ac nulla. Sed vel enim sit amet nunc viverra dapibus. Nulla suscipit ligula in lacus. Curabitur at ipsum ac tellus semper interdum. Mauris ullamcorper purus sit amet nulla.');
insert into CRITIC_REVIEWS (id, content_id, author, rating, submitted_at, body) values (54, 23, 'Darnell Malkie', 7.4, '2021-08-03', 'Morbi vestibulum, velit id pretium iaculis, diam erat fermentum justo, nec condimentum neque sapien placerat ante. Nulla justo. Aliquam quis turpis eget elit sodales scelerisque. Mauris sit amet eros.');
insert into CRITIC_REVIEWS (id, content_id, author, rating, submitted_at, body) values (55, 22, 'Terri Clemson', 8.2, '2021-08-25', 'Suspendisse potenti. Nullam porttitor lacus at turpis.');
insert into CRITIC_REVIEWS (id, content_id, author, rating, submitted_at, body) values (56, 19, 'Sib Bradburne', 9.0, '2021-02-15', 'Integer pede justo, lacinia eget, tincidunt eget, tempus vel, pede. Morbi porttitor lorem id ligula. Suspendisse ornare consequat lectus. In est risus, auctor sed, tristique in, tempus sit amet, sem. Fusce consequat.');
insert into CRITIC_REVIEWS (id, content_id, author, rating, submitted_at, body) values (57, 32, 'Kincaid Kopfer', 7.7, '2021-06-24', 'Aliquam erat volutpat. In congue.');
insert into CRITIC_REVIEWS (id, content_id, author, rating, submitted_at, body) values (58, 24, 'Maura Tirone', 6.1, '2021-12-26', 'Donec odio justo, sollicitudin ut, suscipit a, feugiat et, eros.');
insert into CRITIC_REVIEWS (id, content_id, author, rating, submitted_at, body) values (59, 27, 'Rufus Stansbury', 5.8, '2021-02-17', 'Vivamus metus arcu, adipiscing molestie, hendrerit at, vulputate vitae, nisl.');
insert into CRITIC_REVIEWS (id, content_id, author, rating, submitted_at, body) values (60, 34, 'Chucho Robard', 7.3, '2021-11-15', 'Phasellus in felis. Donec semper sapien a libero. Nam dui.');
insert into CRITIC_REVIEWS (id, content_id, author, rating, submitted_at, body) values (61, 21, 'Barth Ivan', 7.2, '2021-04-30', 'Cum sociis natoque penatibus et magnis dis parturient montes, nascetur ridiculus mus. Etiam vel augue. Vestibulum rutrum rutrum neque.');
insert into CRITIC_REVIEWS (id, content_id, author, rating, submitted_at, body) values (62, 37, 'Philippe Sidebottom', 8.7, '2021-04-02', 'Cum sociis natoque penatibus et magnis dis parturient montes, nascetur ridiculus mus. Etiam vel augue. Vestibulum rutrum rutrum neque. Aenean auctor gravida sem.');
insert into CRITIC_REVIEWS (id, content_id, author, rating, submitted_at, body) values (63, 22, 'Antony Casaccia', 9.7, '2021-11-21', 'Nullam orci pede, venenatis non, sodales sed, tincidunt eu, felis. Fusce posuere felis sed lacus.');
insert into CRITIC_REVIEWS (id, content_id, author, rating, submitted_at, body) values (64, 26, 'Ellynn Engel', 8.4, '2021-04-20', 'Cras in purus eu magna vulputate luctus. Cum sociis natoque penatibus et magnis dis parturient montes, nascetur ridiculus mus. Vivamus vestibulum sagittis sapien. Cum sociis natoque penatibus et magnis dis parturient montes, nascetur ridiculus mus.');
insert into CRITIC_REVIEWS (id, content_id, author, rating, submitted_at, body) values (65, 28, 'Temple Andrivel', 5.6, '2021-08-03', 'Suspendisse ornare consequat lectus. In est risus, auctor sed, tristique in, tempus sit amet, sem. Fusce consequat. Nulla nisl.');
insert into CRITIC_REVIEWS (id, content_id, author, rating, submitted_at, body) values (66, 31, 'Vanna Oleshunin', 9.4, '2021-10-26', 'Suspendisse potenti. In eleifend quam a odio. In hac habitasse platea dictumst. Maecenas ut massa quis augue luctus tincidunt. Nulla mollis molestie lorem.');
insert into CRITIC_REVIEWS (id, content_id, author, rating, submitted_at, body) values (67, 33, 'Jessey Tocher', 7.1, '2021-04-22', 'Nulla facilisi.');
insert into CRITIC_REVIEWS (id, content_id, author, rating, submitted_at, body) values (68, 21, 'Tiff Drage', 8.5, '2021-08-02', 'In quis justo. Maecenas rhoncus aliquam lacus. Morbi quis tortor id nulla ultrices aliquet.');
insert into CRITIC_REVIEWS (id, content_id, author, rating, submitted_at, body) values (69, 23, 'Natasha Crump', 9.8, '2021-11-30', 'Vivamus vestibulum sagittis sapien.');
insert into CRITIC_REVIEWS (id, content_id, author, rating, submitted_at, body) values (70, 22, 'Hertha Errett', 7.9, '2021-05-29', 'Nulla tellus.');
insert into CRITIC_REVIEWS (id, content_id, author, rating, submitted_at, body) values (71, 29, 'Dar Gabbetis', 5.6, '2021-01-11', 'Curabitur at ipsum ac tellus semper interdum.');
insert into CRITIC_REVIEWS (id, content_id, author, rating, submitted_at, body) values (72, 32, 'Jacynth Dutson', 8.5, '2021-01-17', 'Vivamus vestibulum sagittis sapien.');
insert into CRITIC_REVIEWS (id, content_id, author, rating, submitted_at, body) values (73, 27, 'Zed Bebis', 9.3, '2021-05-04', 'Ut at dolor quis odio consequat varius. Integer ac leo. Pellentesque ultrices mattis odio. Donec vitae nisi. Nam ultrices, libero non mattis pulvinar, nulla pede ullamcorper augue, a suscipit nulla elit ac nulla.');
insert into CRITIC_REVIEWS (id, content_id, author, rating, submitted_at, body) values (74, 25, 'Vince Grinnell', 6.8, '2021-11-21', 'Morbi vestibulum, velit id pretium iaculis, diam erat fermentum justo, nec condimentum neque sapien placerat ante.');
insert into CRITIC_REVIEWS (id, content_id, author, rating, submitted_at, body) values (75, 24, 'Tobin Rudall', 5.6, '2021-11-05', 'Aliquam augue quam, sollicitudin vitae, consectetuer eget, rutrum at, lorem. Integer tincidunt ante vel ipsum. Praesent blandit lacinia erat.');
insert into CRITIC_REVIEWS (id, content_id, author, rating, submitted_at, body) values (76, 20, 'Agnesse Strivens', 6.1, '2021-04-09', 'Integer non velit. Donec diam neque, vestibulum eget, vulputate ut, ultrices vel, augue.');
insert into CRITIC_REVIEWS (id, content_id, author, rating, submitted_at, body) values (77, 17, 'Clayborn MacCosty', 6.4, '2021-03-28', 'Sed vel enim sit amet nunc viverra dapibus. Nulla suscipit ligula in lacus. Curabitur at ipsum ac tellus semper interdum.');
insert into CRITIC_REVIEWS (id, content_id, author, rating, submitted_at, body) values (78, 26, 'Tandi Minchinton', 6.0, '2021-03-16', 'Praesent blandit. Nam nulla. Integer pede justo, lacinia eget, tincidunt eget, tempus vel, pede.');
insert into CRITIC_REVIEWS (id, content_id, author, rating, submitted_at, body) values (79, 28, 'Ahmed Beeken', 8.7, '2021-05-16', 'Aenean sit amet justo. Morbi ut odio. Cras mi pede, malesuada in, imperdiet et, commodo vulputate, justo. In blandit ultrices enim. Lorem ipsum dolor sit amet, consectetuer adipiscing elit.');
insert into CRITIC_REVIEWS (id, content_id, author, rating, submitted_at, body) values (80, 22, 'Urbano Dradey', 8.3, '2021-02-10', 'In eleifend quam a odio. In hac habitasse platea dictumst. Maecenas ut massa quis augue luctus tincidunt. Nulla mollis molestie lorem.');
insert into CRITIC_REVIEWS (id, content_id, author, rating, submitted_at, body) values (81, 34, 'Aindrea Easterbrook', 8.5, '2021-10-15', 'Duis at velit eu est congue elementum. In hac habitasse platea dictumst. Morbi vestibulum, velit id pretium iaculis, diam erat fermentum justo, nec condimentum neque sapien placerat ante.');
insert into CRITIC_REVIEWS (id, content_id, author, rating, submitted_at, body) values (82, 33, 'Mira Crippill', 8.6, '2021-10-01', 'Aenean sit amet justo.');
insert into CRITIC_REVIEWS (id, content_id, author, rating, submitted_at, body) values (83, 20, 'Deva Sell', 6.2, '2021-06-15', 'Aliquam quis turpis eget elit sodales scelerisque.');
insert into CRITIC_REVIEWS (id, content_id, author, rating, submitted_at, body) values (84, 36, 'Thom Lockery', 8.7, '2021-05-25', 'Praesent blandit. Nam nulla. Integer pede justo, lacinia eget, tincidunt eget, tempus vel, pede. Morbi porttitor lorem id ligula. Suspendisse ornare consequat lectus.');
insert into CRITIC_REVIEWS (id, content_id, author, rating, submitted_at, body) values (85, 29, 'Trescha Verbeke', 5.1, '2021-12-18', 'Nulla tempus. Vivamus in felis eu sapien cursus vestibulum. Proin eu mi. Nulla ac enim.');
insert into CRITIC_REVIEWS (id, content_id, author, rating, submitted_at, body) values (86, 27, 'Robb Kembry', 8.5, '2021-09-16', 'Pellentesque ultrices mattis odio.');
insert into CRITIC_REVIEWS (id, content_id, author, rating, submitted_at, body) values (87, 22, 'Alphonso Pollock', 7.6, '2021-05-17', 'Maecenas rhoncus aliquam lacus.');
insert into CRITIC_REVIEWS (id, content_id, author, rating, submitted_at, body) values (88, 19, 'Dita Lemmon', 7.6, '2021-07-12', 'Vestibulum rutrum rutrum neque.');
insert into CRITIC_REVIEWS (id, content_id, author, rating, submitted_at, body) values (89, 18, 'Emelyne O''Curneen', 9.6, '2021-01-24', 'Praesent lectus. Vestibulum quam sapien, varius ut, blandit non, interdum in, ante. Vestibulum ante ipsum primis in faucibus orci luctus et ultrices posuere cubilia Curae; Duis faucibus accumsan odio. Curabitur convallis. Duis consequat dui nec nisi volutpat eleifend.');
insert into CRITIC_REVIEWS (id, content_id, author, rating, submitted_at, body) values (90, 17, 'Jacky Domelaw', 9.6, '2021-11-12', 'Donec diam neque, vestibulum eget, vulputate ut, ultrices vel, augue. Vestibulum ante ipsum primis in faucibus orci luctus et ultrices posuere cubilia Curae; Donec pharetra, magna vestibulum aliquet ultrices, erat tortor sollicitudin mi, sit amet lobortis sapien sapien non mi.');
insert into CRITIC_REVIEWS (id, content_id, author, rating, submitted_at, body) values (91, 26, 'Viola Blaszczak', 5.8, '2021-03-24', 'Duis consequat dui nec nisi volutpat eleifend. Donec ut dolor. Morbi vel lectus in quam fringilla rhoncus. Mauris enim leo, rhoncus sed, vestibulum sit amet, cursus id, turpis. Integer aliquet, massa id lobortis convallis, tortor risus dapibus augue, vel accumsan tellus nisi eu orci.');
insert into CRITIC_REVIEWS (id, content_id, author, rating, submitted_at, body) values (92, 28, 'Nani Gettings', 5.4, '2021-02-27', 'Nam ultrices, libero non mattis pulvinar, nulla pede ullamcorper augue, a suscipit nulla elit ac nulla.');
insert into CRITIC_REVIEWS (id, content_id, author, rating, submitted_at, body) values (93, 20, 'Elisabeth Rochford', 8.8, '2021-01-18', 'Nulla tellus. In sagittis dui vel nisl. Duis ac nibh.');
insert into CRITIC_REVIEWS (id, content_id, author, rating, submitted_at, body) values (94, 17, 'Cammie Dowbakin', 6.0, '2021-10-12', 'Pellentesque at nulla. Suspendisse potenti. Cras in purus eu magna vulputate luctus.');
insert into CRITIC_REVIEWS (id, content_id, author, rating, submitted_at, body) values (95, 21, 'Leann Margett', 9.2, '2021-05-19', 'Lorem ipsum dolor sit amet, consectetuer adipiscing elit.');
insert into CRITIC_REVIEWS (id, content_id, author, rating, submitted_at, body) values (96, 34, 'Nial Bilsford', 8.4, '2021-06-08', 'Praesent blandit. Nam nulla. Integer pede justo, lacinia eget, tincidunt eget, tempus vel, pede. Morbi porttitor lorem id ligula.');
insert into CRITIC_REVIEWS (id, content_id, author, rating, submitted_at, body) values (97, 22, 'Johan Righy', 10.0, '2021-02-27', 'Integer aliquet, massa id lobortis convallis, tortor risus dapibus augue, vel accumsan tellus nisi eu orci.');
insert into CRITIC_REVIEWS (id, content_id, author, rating, submitted_at, body) values (98, 29, 'Flossie McFadin', 7.6, '2021-09-23', 'Morbi non quam nec dui luctus rutrum.');
insert into CRITIC_REVIEWS (id, content_id, author, rating, submitted_at, body) values (99, 18, 'Philippa Collister', 9.4, '2021-04-09', 'Morbi vel lectus in quam fringilla rhoncus. Mauris enim leo, rhoncus sed, vestibulum sit amet, cursus id, turpis. Integer aliquet, massa id lobortis convallis, tortor risus dapibus augue, vel accumsan tellus nisi eu orci.');
insert into CRITIC_REVIEWS (id, content_id, author, rating, submitted_at, body) values (100,35, 'Misha Odams', 8.4, '2021-12-30', 'Suspendisse accumsan tortor quis turpis. Sed ante. Vivamus tortor.');
