insert into Contents (id, language, plot_summary, imdb_score, release_year, title) values (3, 'Punjabi', 'Nulla mollis molestie lorem. Quisque ut erat. Curabitur gravida nisi at nibh. In hac habitasse platea dictumst. Aliquam augue quam, sollicitudin vitae, consectetuer eget, rutrum at, lorem. Integer tincidunt ante vel ipsum. Praesent blandit lacinia erat.', 7.6, 2016, 'Agent Cody Banks 2: Destination London');
insert into Contents (id, language, plot_summary, imdb_score, release_year, title) values (4, 'Georgian', 'In quis justo. Maecenas rhoncus aliquam lacus. Morbi quis tortor id nulla ultrices aliquet. Maecenas leo odio, condimentum id, luctus nec, molestie sed, justo. Pellentesque viverra pede ac diam. Cras pellentesque volutpat dui. Maecenas tristique, est et tempus semper, est quam pharetra magna, ac consequat metus sapien ut nunc. Vestibulum ante ipsum primis in faucibus orci luctus et ultrices posuere cubilia Curae; Mauris viverra diam vitae quam.', 0.3, 2004, 'Doomsday');
insert into Contents (id, language, plot_summary, imdb_score, release_year, title) values (5, 'Dari', 'Integer aliquet, massa id lobortis convallis, tortor risus dapibus augue, vel accumsan tellus nisi eu orci. Mauris lacinia sapien quis libero. Nullam sit amet turpis elementum ligula vehicula consequat. Morbi a ipsum. Integer a nibh. In quis justo. Maecenas rhoncus aliquam lacus. Morbi quis tortor id nulla ultrices aliquet. Maecenas leo odio, condimentum id, luctus nec, molestie sed, justo. Pellentesque viverra pede ac diam.', 3.2, 2011, 'Walking Dead, The');
insert into Contents (id, language, plot_summary, imdb_score, release_year, title) values (6, 'Sotho', 'In hac habitasse platea dictumst. Morbi vestibulum, velit id pretium iaculis, diam erat fermentum justo, nec condimentum neque sapien placerat ante. Nulla justo. Aliquam quis turpis eget elit sodales scelerisque.', 0.9, 2009, 'Grudge 3, The');
insert into Contents (id, language, plot_summary, imdb_score, release_year, title) values (7, 'Lao', 'Vestibulum ac est lacinia nisi venenatis tristique. Fusce congue, diam id ornare imperdiet, sapien urna pretium nisl, ut volutpat sapien arcu sed augue. Aliquam erat volutpat. In congue. Etiam justo. Etiam pretium iaculis justo. In hac habitasse platea dictumst. Etiam faucibus cursus urna. Ut tellus. Nulla ut erat id mauris vulputate elementum.', 0.6, 1994, 'Tideland');
insert into Contents (id, language, plot_summary, imdb_score, release_year, title) values (8, 'Tsonga', 'Etiam justo. Etiam pretium iaculis justo. In hac habitasse platea dictumst. Etiam faucibus cursus urna. Ut tellus. Nulla ut erat id mauris vulputate elementum.', 3.4, 2013, 'You''re Next');
insert into Contents (id, language, plot_summary, imdb_score, release_year, title) values (9, 'Montenegrin', 'Donec vitae nisi. Nam ultrices, libero non mattis pulvinar, nulla pede ullamcorper augue, a suscipit nulla elit ac nulla. Sed vel enim sit amet nunc viverra dapibus. Nulla suscipit ligula in lacus. Curabitur at ipsum ac tellus semper interdum. Mauris ullamcorper purus sit amet nulla. Quisque arcu libero, rutrum ac, lobortis vel, dapibus at, diam.', 6.0, 1999, 'Catwoman');
insert into Contents (id, language, plot_summary, imdb_score, release_year, title) values (10, 'Swedish', 'Donec posuere metus vitae ipsum. Aliquam non mauris. Morbi non lectus. Aliquam sit amet diam in magna bibendum imperdiet. Nullam orci pede, venenatis non, sodales sed, tincidunt eu, felis. Fusce posuere felis sed lacus. Morbi sem mauris, laoreet ut, rhoncus aliquet, pulvinar sed, nisl.', 5.2, 2016, 'United States of Secrets (Part One): The Program');
insert into Contents (id, language, plot_summary, imdb_score, release_year, title) values (11, 'Khmer', 'Mauris sit amet eros. Suspendisse accumsan tortor quis turpis. Sed ante. Vivamus tortor.', 5.0, 2005, 'Thing About My Folks, The');
insert into Contents (id, language, plot_summary, imdb_score, release_year, title) values (12, 'Armenian', 'Morbi vel lectus in quam fringilla rhoncus. Mauris enim leo, rhoncus sed, vestibulum sit amet, cursus id, turpis. Integer aliquet, massa id lobortis convallis, tortor risus dapibus augue, vel accumsan tellus nisi eu orci. Mauris lacinia sapien quis libero.', 6.7, 2018, 'Rites of May, The (Itim) ');
insert into Contents (id, language, plot_summary, imdb_score, release_year, title) values (13, 'Haitian Creole', 'Curabitur in libero ut massa volutpat convallis.', 5.7, 2006, 'Lonely Place to Die, A');
insert into Contents (id, language, plot_summary, imdb_score, release_year, title) values (14, 'Georgian', 'Suspendisse potenti. Nullam porttitor lacus at turpis. Donec posuere metus vitae ipsum. Aliquam non mauris. Morbi non lectus. Aliquam sit amet diam in magna bibendum imperdiet. Nullam orci pede, venenatis non, sodales sed, tincidunt eu, felis. Fusce posuere felis sed lacus. Morbi sem mauris, laoreet ut, rhoncus aliquet, pulvinar sed, nisl.', 4.0, 2017, 'Dragon: The Bruce Lee Story');
insert into Contents (id, language, plot_summary, imdb_score, release_year, title) values (15, 'Khmer', 'Integer pede justo, lacinia eget, tincidunt eget, tempus vel, pede. Morbi porttitor lorem id ligula. Suspendisse ornare consequat lectus. In est risus, auctor sed, tristique in, tempus sit amet, sem. Fusce consequat.', 4.8, 1994, 'Time to Kill, A');
insert into Contents (id, language, plot_summary, imdb_score, release_year, title) values (16, 'Thai', 'Mauris enim leo, rhoncus sed, vestibulum sit amet, cursus id, turpis. Integer aliquet, massa id lobortis convallis, tortor risus dapibus augue, vel accumsan tellus nisi eu orci. Mauris lacinia sapien quis libero. Nullam sit amet turpis elementum ligula vehicula consequat. Morbi a ipsum. Integer a nibh.', 8.8, 2006, 'Supermarket Woman (Sûpâ no onna)');
insert into Contents (id, language, plot_summary, imdb_score, release_year, title) values (17, 'Assamese', 'Nam ultrices, libero non mattis pulvinar, nulla pede ullamcorper augue, a suscipit nulla elit ac nulla. Sed vel enim sit amet nunc viverra dapibus. Nulla suscipit ligula in lacus. Curabitur at ipsum ac tellus semper interdum. Mauris ullamcorper purus sit amet nulla. Quisque arcu libero, rutrum ac, lobortis vel, dapibus at, diam.', 0.8, 2014, 'Journey to the Sun (Günese yolculuk)');
insert into Contents (id, language, plot_summary, imdb_score, release_year, title) values (18, 'Indonesian', 'Nullam sit amet turpis elementum ligula vehicula consequat. Morbi a ipsum. Integer a nibh. In quis justo. Maecenas rhoncus aliquam lacus. Morbi quis tortor id nulla ultrices aliquet. Maecenas leo odio, condimentum id, luctus nec, molestie sed, justo.', 5.0, 2017, 'Forsaking All Others');
insert into Contents (id, language, plot_summary, imdb_score, release_year, title) values (19, 'Marathi', 'Nulla ac enim. In tempor, turpis nec euismod scelerisque, quam turpis adipiscing lorem, vitae mattis nibh ligula nec sem. Duis aliquam convallis nunc. Proin at turpis a pede posuere nonummy. Integer non velit. Donec diam neque, vestibulum eget, vulputate ut, ultrices vel, augue. Vestibulum ante ipsum primis in faucibus orci luctus et ultrices posuere cubilia Curae; Donec pharetra, magna vestibulum aliquet ultrices, erat tortor sollicitudin mi, sit amet lobortis sapien sapien non mi. Integer ac neque.', 8.5, 2009, 'Les Formidables (Gang-jeok)');
insert into Contents (id, language, plot_summary, imdb_score, release_year, title) values (20, 'French', 'Donec diam neque, vestibulum eget, vulputate ut, ultrices vel, augue. Vestibulum ante ipsum primis in faucibus orci luctus et ultrices posuere cubilia Curae; Donec pharetra, magna vestibulum aliquet ultrices, erat tortor sollicitudin mi, sit amet lobortis sapien sapien non mi. Integer ac neque. Duis bibendum. Morbi non quam nec dui luctus rutrum. Nulla tellus. In sagittis dui vel nisl. Duis ac nibh. Fusce lacus purus, aliquet at, feugiat non, pretium quis, lectus.', 2.2, 2013, 'Gridiron Gang');


insert into films (boxoffice, budget, duration, id) values (4146807, 3440486, 97, 3);
insert into films (boxoffice, budget, duration, id) values (7147204, 7232496, 155, 4);
insert into films (boxoffice, budget, duration, id) values (59146830, 92984764, 89, 5);
insert into films (boxoffice, budget, duration, id) values (4608368, 927449, 137, 6);
insert into films (boxoffice, budget, duration, id) values (9158633, 79146336, 145, 7);
insert into films (boxoffice, budget, duration, id) values (9293764, 17295651, 124, 9);
insert into films (boxoffice, budget, duration, id) values (5192668, 11747025, 126, 10);

insert into tv_shows (end_year, num_seasons, id) values (null, 2, 11);
insert into tv_shows (end_year, num_seasons, id) values (null, 3, 12);
insert into tv_shows (end_year, num_seasons, id) values (null, 2, 13);
insert into tv_shows (end_year, num_seasons, id) values (null, 4, 14);
insert into tv_shows (end_year, num_seasons, id) values (null, 2, 15);
insert into tv_shows (end_year, num_seasons, id) values (null, 7, 16);
insert into tv_shows (end_year, num_seasons, id) values (null, 11, 17);
insert into tv_shows (end_year, num_seasons, id) values (null, 3, 18);
insert into tv_shows (end_year, num_seasons, id) values (null, 6, 19);
insert into tv_shows (end_year, num_seasons, id) values (null, 10, 20);

insert into CONTENT_GENRES (content_id, genres) values (3, 'SCIFI');
insert into CONTENT_GENRES (content_id, genres) values (3, 'ACTION');
insert into CONTENT_GENRES (content_id, genres) values (4, 'MYSTERY');
insert into CONTENT_GENRES (content_id, genres) values (5, 'MUSICAL');
insert into CONTENT_GENRES (content_id, genres) values (6, 'DRAMA');
insert into CONTENT_GENRES (content_id, genres) values (7, 'THRILLER');
insert into CONTENT_GENRES (content_id, genres) values (8, 'DRAMA');
insert into CONTENT_GENRES (content_id, genres) values (9, 'DOCUMENTARY');
insert into CONTENT_GENRES (content_id, genres) values (10, 'DRAMA');
insert into CONTENT_GENRES (content_id, genres) values (10, 'COMEDY');
insert into CONTENT_GENRES (content_id, genres) values (11, 'HORROR');
insert into CONTENT_GENRES (content_id, genres) values (12, 'WESTERN');
insert into CONTENT_GENRES (content_id, genres) values (12, 'ROMANCE');
insert into CONTENT_GENRES (content_id, genres) values (13, 'ROMANCE');
insert into CONTENT_GENRES (content_id, genres) values (13, 'COMEDY');
insert into CONTENT_GENRES (content_id, genres) values (14, 'CRIME');
insert into CONTENT_GENRES (content_id, genres) values (15, 'CRIME');
insert into CONTENT_GENRES (content_id, genres) values (15, 'THRILLER');
insert into CONTENT_GENRES (content_id, genres) values (16, 'ACTION');
insert into CONTENT_GENRES (content_id, genres) values (16, 'HORROR');
insert into CONTENT_GENRES (content_id, genres) values (17, 'FANTASY');
insert into CONTENT_GENRES (content_id, genres) values (17, 'SCIFI');
insert into CONTENT_GENRES (content_id, genres) values (18, 'HISTORICAL');
insert into CONTENT_GENRES (content_id, genres) values (19, 'ANIMATION');
insert into CONTENT_GENRES (content_id, genres) values (20, 'MYSTERY');

insert into people (id, birthdate, deathdate, name, surname) values (4, '1940-02-10', '2011-04-05', 'Reid', 'Cossum');
insert into people (id, birthdate, deathdate, name, surname) values (5, '1993-01-01', null, 'Tyrus', 'Stoile');
insert into people (id, birthdate, deathdate, name, surname) values (6, '1952-05-28', '2001-09-01', 'Valida', 'Kubczak');
insert into people (id, birthdate, deathdate, name, surname) values (7, '2000-02-15', null, 'Gino', 'Babe');
insert into people (id, birthdate, deathdate, name, surname) values (8, '1978-07-25', '2016-12-30', 'Chicky', 'Straw');
insert into people (id, birthdate, deathdate, name, surname) values (9, '1977-09-16', null, 'Lesley', 'Omrod');
insert into people (id, birthdate, deathdate, name, surname) values (10, '1962-03-19', null, 'Brion', 'Autry');
insert into people (id, birthdate, deathdate, name, surname) values (11, '1997-12-07', null, 'Urbain', 'Dunsmore');
insert into people (id, birthdate, deathdate, name, surname) values (12, '1985-08-16', null, 'Denice', 'Seeking');
insert into people (id, birthdate, deathdate, name, surname) values (13, '1986-03-06', null, 'Halette', 'Foden');
insert into people (id, birthdate, deathdate, name, surname) values (14, '1962-11-19', null, 'Gabbie', 'Durward');
insert into people (id, birthdate, deathdate, name, surname) values (15, '1963-11-19', null, 'Stefa', 'Baylis');
insert into people (id, birthdate, deathdate, name, surname) values (16, '1962-08-06', '2014-05-17', 'Dickie', 'Smithyman');
insert into people (id, birthdate, deathdate, name, surname) values (17, '1996-08-30', null, 'Maury', 'Fogarty');
insert into people (id, birthdate, deathdate, name, surname) values (18, '1999-10-22', null, 'Nixie', 'Scyner');
insert into people (id, birthdate, deathdate, name, surname) values (19, '1974-03-02', null, 'Viva', 'Fairbourn');
insert into people (id, birthdate, deathdate, name, surname) values (20, '1965-03-21', '2019-06-24', 'Carlotta', 'Grieg');

