insert into Contents (id, language, plot_summary, imdb_score, release_year, title) values (1, 'English', 'Morbi porttitor lorem id ligula.', 6.3, 2005, 'Madness of King George');
insert into Contents (id, language, plot_summary, imdb_score, release_year, title) values (2, 'English', 'Vestibulum ac est lacinia nisi venenatis tristique. Fusce congue, diam id ornare imperdiet, sapien urna pretium nisl, ut volutpat sapien arcu sed augue. Aliquam erat volutpat.', 8.9, 2005, 'Rock-a-Bye Baby');
insert into Contents (id, language, plot_summary, imdb_score, release_year, title) values (3, 'English', 'Cras in purus eu magna vulputate luctus.', 6.1, 1994, 'Gulliver''s Travels');
insert into Contents (id, language, plot_summary, imdb_score, release_year, title) values (4, 'Georgian', 'In quis justo. Maecenas rhoncus aliquam lacus. Morbi quis tortor id nulla ultrices aliquet. Maecenas leo odio, condimentum id, luctus nec, molestie sed, justo. Pellentesque viverra pede ac diam. Cras pellentesque volutpat dui. Maecenas tristique, est et tempus semper, est quam pharetra magna, ac consequat metus sapien ut nunc. Vestibulum ante ipsum primis in faucibus orci luctus et ultrices posuere cubilia Curae; Mauris viverra diam vitae quam.', 0.3, 2005, 'Doomsday');
insert into Contents (id, language, plot_summary, imdb_score, release_year, title) values (5, 'English', 'Integer aliquet, massa id lobortis convallis, tortor risus dapibus augue, vel accumsan tellus nisi eu orci. Mauris lacinia sapien quis libero. Nullam sit amet turpis elementum ligula vehicula consequat. Morbi a ipsum. Integer a nibh. In quis justo. Maecenas rhoncus aliquam lacus. Morbi quis tortor id nulla ultrices aliquet. Maecenas leo odio, condimentum id, luctus nec, molestie sed, justo. Pellentesque viverra pede ac diam.', 3.2, 2011, 'Walking Dead');
insert into Contents (id, language, plot_summary, imdb_score, release_year, title) values (6, 'English', 'In hac habitasse platea dictumst. Morbi vestibulum, velit id pretium iaculis, diam erat fermentum justo, nec condimentum neque sapien placerat ante. Nulla justo. Aliquam quis turpis eget elit sodales scelerisque.', 0.9, 2009, 'Grudge 3');
insert into Contents (id, language, plot_summary, imdb_score, release_year, title) values (7, 'English', 'Vestibulum ac est lacinia nisi venenatis tristique. Fusce congue, diam id ornare imperdiet, sapien urna pretium nisl, ut volutpat sapien arcu sed augue. Aliquam erat volutpat. In congue. Etiam justo. Etiam pretium iaculis justo. In hac habitasse platea dictumst. Etiam faucibus cursus urna. Ut tellus. Nulla ut erat id mauris vulputate elementum.', 0.6, 1994, 'Tideland');
insert into Contents (id, language, plot_summary, imdb_score, release_year, title) values (8, 'English', 'Etiam justo. Etiam pretium iaculis justo. In hac habitasse platea dictumst. Etiam faucibus cursus urna. Ut tellus. Nulla ut erat id mauris vulputate elementum.', 3.4, 2013, 'You''re Next');
insert into Contents (id, language, plot_summary, imdb_score, release_year, title) values (9, 'English', 'Donec vitae nisi. Nam ultrices, libero non mattis pulvinar, nulla pede ullamcorper augue, a suscipit nulla elit ac nulla. Sed vel enim sit amet nunc viverra dapibus. Nulla suscipit ligula in lacus. Curabitur at ipsum ac tellus semper interdum. Mauris ullamcorper purus sit amet nulla. Quisque arcu libero, rutrum ac, lobortis vel, dapibus at, diam.', 6.0, 2006, 'Catwoman');
insert into Contents (id, language, plot_summary, imdb_score, release_year, title) values (10, 'French', 'Donec posuere metus vitae ipsum. Aliquam non mauris. Morbi non lectus. Aliquam sit amet diam in magna bibendum imperdiet. Nullam orci pede, venenatis non, sodales sed, tincidunt eu, felis. Fusce posuere felis sed lacus. Morbi sem mauris, laoreet ut, rhoncus aliquet, pulvinar sed, nisl.', 5.2, 2016, 'United States of Secrets (Part One): The Program');
insert into Contents (id, language, plot_summary, imdb_score, release_year, title) values (11, 'English', 'Mauris sit amet eros. Suspendisse accumsan tortor quis turpis. Sed ante. Vivamus tortor.', 5.0, 2005, 'Thing About My Folks');
insert into Contents (id, language, plot_summary, imdb_score, release_year, title) values (12, 'English', 'Morbi vel lectus in quam fringilla rhoncus. Mauris enim leo, rhoncus sed, vestibulum sit amet, cursus id, turpis. Integer aliquet, massa id lobortis convallis, tortor risus dapibus augue, vel accumsan tellus nisi eu orci. Mauris lacinia sapien quis libero.', 6.7, 2018, 'Rites of May, The (Itim) ');
insert into Contents (id, language, plot_summary, imdb_score, release_year, title) values (13, 'English', 'Curabitur in libero ut massa volutpat convallis.', 5.7, 2005, 'Lonely Place to Die, A');
insert into Contents (id, language, plot_summary, imdb_score, release_year, title) values (14, 'English', 'Suspendisse potenti. Nullam porttitor lacus at turpis. Donec posuere metus vitae ipsum. Aliquam non mauris. Morbi non lectus. Aliquam sit amet diam in magna bibendum imperdiet. Nullam orci pede, venenatis non, sodales sed, tincidunt eu, felis. Fusce posuere felis sed lacus. Morbi sem mauris, laoreet ut, rhoncus aliquet, pulvinar sed, nisl.', 4.0, 2017, 'Dragon: The Bruce Lee Story');
insert into Contents (id, language, plot_summary, imdb_score, release_year, title) values (15, 'English', 'Integer pede justo, lacinia eget, tincidunt eget, tempus vel, pede. Morbi porttitor lorem id ligula. Suspendisse ornare consequat lectus. In est risus, auctor sed, tristique in, tempus sit amet, sem. Fusce consequat.', 4.8, 1994, 'Time to Kill, A');
insert into Contents (id, language, plot_summary, imdb_score, release_year, title) values (16, 'Spanish', 'Mauris enim leo, rhoncus sed, vestibulum sit amet, cursus id, turpis. Integer aliquet, massa id lobortis convallis, tortor risus dapibus augue, vel accumsan tellus nisi eu orci. Mauris lacinia sapien quis libero. Nullam sit amet turpis elementum ligula vehicula consequat. Morbi a ipsum. Integer a nibh.', 8.8, 2006, 'Supermarket Woman (Sûpâ no onna)');
insert into Contents (id, language, plot_summary, imdb_score, release_year, title) values (17, 'Turkish', 'Nam ultrices, libero non mattis pulvinar, nulla pede ullamcorper augue, a suscipit nulla elit ac nulla. Sed vel enim sit amet nunc viverra dapibus. Nulla suscipit ligula in lacus. Curabitur at ipsum ac tellus semper interdum. Mauris ullamcorper purus sit amet nulla. Quisque arcu libero, rutrum ac, lobortis vel, dapibus at, diam.', 0.8, 2013, 'Journey to the Sun (Günese yolculuk)');
insert into Contents (id, language, plot_summary, imdb_score, release_year, title) values (18, 'English', 'Nullam sit amet turpis elementum ligula vehicula consequat. Morbi a ipsum. Integer a nibh. In quis justo. Maecenas rhoncus aliquam lacus. Morbi quis tortor id nulla ultrices aliquet. Maecenas leo odio, condimentum id, luctus nec, molestie sed, justo.', 5.0, 2017, 'Forsaking All Others');
insert into Contents (id, language, plot_summary, imdb_score, release_year, title) values (19, 'English', 'Nulla ac enim. In tempor, turpis nec euismod scelerisque, quam turpis adipiscing lorem, vitae mattis nibh ligula nec sem. Duis aliquam convallis nunc. Proin at turpis a pede posuere nonummy. Integer non velit. Donec diam neque, vestibulum eget, vulputate ut, ultrices vel, augue. Vestibulum ante ipsum primis in faucibus orci luctus et ultrices posuere cubilia Curae; Donec pharetra, magna vestibulum aliquet ultrices, erat tortor sollicitudin mi, sit amet lobortis sapien sapien non mi. Integer ac neque.', 8.5, 2009, 'Les Formidables (Gang-jeok)');
insert into Contents (id, language, plot_summary, imdb_score, release_year, title) values (20, 'French', 'Donec diam neque, vestibulum eget, vulputate ut, ultrices vel, augue. Vestibulum ante ipsum primis in faucibus orci luctus et ultrices posuere cubilia Curae; Donec pharetra, magna vestibulum aliquet ultrices, erat tortor sollicitudin mi, sit amet lobortis sapien sapien non mi. Integer ac neque. Duis bibendum. Morbi non quam nec dui luctus rutrum. Nulla tellus. In sagittis dui vel nisl. Duis ac nibh. Fusce lacus purus, aliquet at, feugiat non, pretium quis, lectus.', 2.2, 2013, 'Gridiron Gang');
insert into Contents (id, language, plot_summary, imdb_score, release_year, title) values (21, 'French', 'Vestibulum ante ipsum primis in faucibus orci luctus et ultrices posuere cubilia Curae; Donec pharetra, magna vestibulum aliquet ultrices, erat tortor sollicitudin mi, sit amet lobortis sapien sapien non mi. Integer ac neque. Duis bibendum. Morbi non quam nec dui luctus rutrum. Nulla tellus.', 7.7, 2010, 'Jurassic Park III');
insert into Contents (id, language, plot_summary, imdb_score, release_year, title) values (22, 'French', 'Vestibulum ante ipsum primis in faucibus orci luctus et ultrices posuere cubilia Curae; Donec pharetra, magna vestibulum aliquet ultrices, erat tortor sollicitudin mi, sit amet lobortis sapien sapien non mi.', 9.9, 2010, 'Buffalo Bill');
insert into Contents (id, language, plot_summary, imdb_score, release_year, title) values (23, 'French', 'Aliquam erat volutpat.', 9.2, 2018, 'Pirates of the Caribbean: At World''s End');
insert into Contents (id, language, plot_summary, imdb_score, release_year, title) values (24, 'English', 'Quisque id justo sit amet sapien dignissim vestibulum. Vestibulum ante ipsum primis in faucibus orci luctus et ultrices posuere cubilia Curae; Nulla dapibus dolor vel est.', 6.9, 2005, 'Elfie Hopkins: Cannibal Hunter');
insert into Contents (id, language, plot_summary, imdb_score, release_year, title) values (25, 'English', 'Integer a nibh. In quis justo. Maecenas rhoncus aliquam lacus. Morbi quis tortor id nulla ultrices aliquet. Maecenas leo odio, condimentum id, luctus nec, molestie sed, justo.', 8.7, 1991, 'Black Hole');
insert into Contents (id, language, plot_summary, imdb_score, release_year, title) values (26, 'Arabic', 'Donec semper sapien a libero. Nam dui. Proin leo odio, porttitor id, consequat in, consequat ut, nulla.', 7.8, 2005, 'Destiny (Al-massir)');
insert into Contents (id, language, plot_summary, imdb_score, release_year, title) values (27, 'English', 'In eleifend quam a odio.', 5.6, 1996, 'Staten Island');
insert into Contents (id, language, plot_summary, imdb_score, release_year, title) values (28, 'English', 'Maecenas pulvinar lobortis est. Phasellus sit amet erat. Nulla tempus.', 5.6, 2017, 'Wild Seven');
insert into Contents (id, language, plot_summary, imdb_score, release_year, title) values (29, 'English', 'Nunc rhoncus dui vel sem. Sed sagittis. Nam congue, risus semper porta volutpat, quam pede lobortis ligula, sit amet eleifend pede libero quis orci.', 5.6, 2009, 'Batman & Robin');
insert into Contents (id, language, plot_summary, imdb_score, release_year, title) values (30, 'French', 'Integer non velit. Donec diam neque, vestibulum eget, vulputate ut, ultrices vel, augue. Vestibulum ante ipsum primis in faucibus orci luctus et ultrices posuere cubilia Curae; Donec pharetra, magna vestibulum aliquet ultrices, erat tortor sollicitudin mi, sit amet lobortis sapien sapien non mi. Integer ac neque.', 7.1, 2010, 'Mon oncle d''Amérique');
insert into Contents (id, language, plot_summary, imdb_score, release_year, title) values (31, 'English', 'Aliquam erat volutpat. In congue.', 5.1, 2020, 'Wattstax');
insert into Contents (id, language, plot_summary, imdb_score, release_year, title) values (32, 'Turkish', 'Aenean sit amet justo. Morbi ut odio. Cras mi pede, malesuada in, imperdiet et, commodo vulputate, justo. In blandit ultrices enim. Lorem ipsum dolor sit amet, consectetuer adipiscing elit.', 5.5, 1996, 'Coward, The (Kapurush)');
insert into Contents (id, language, plot_summary, imdb_score, release_year, title) values (33, 'English', 'Donec quis orci eget orci vehicula condimentum. Curabitur in libero ut massa volutpat convallis.', 6.3, 2005, 'National Security');
insert into Contents (id, language, plot_summary, imdb_score, release_year, title) values (34, 'English', 'In hac habitasse platea dictumst. Etiam faucibus cursus urna. Ut tellus.', 6.7, 2001, 'Capone');
insert into Contents (id, language, plot_summary, imdb_score, release_year, title) values (35, 'Romanian', 'In hac habitasse platea dictumst. Aliquam augue quam, sollicitudin vitae, consectetuer eget, rutrum at, lorem. Integer tincidunt ante vel ipsum. Praesent blandit lacinia erat.', 9.1, 1991, 'Mary and Max');
insert into Contents (id, language, plot_summary, imdb_score, release_year, title) values (36, 'Japanese', 'Cras mi pede, malesuada in, imperdiet et, commodo vulputate, justo. In blandit ultrices enim. Lorem ipsum dolor sit amet, consectetuer adipiscing elit. Proin interdum mauris non ligula pellentesque ultrices.', 9.4, 1991, 'Stars');
insert into Contents (id, language, plot_summary, imdb_score, release_year, title) values (37, 'English', 'Nulla nisl. Nunc nisl. Duis bibendum, felis sed interdum venenatis, turpis enim blandit mi, in porttitor pede justo eu massa. Donec dapibus.', 8.6, 2010, 'Radio Rebel');
insert into Contents (id, language, plot_summary, imdb_score, release_year, title) values (38, 'English', 'Etiam faucibus cursus urna. Ut tellus. Nulla ut erat id mauris vulputate elementum. Nullam varius.', 7.3, 1996, 'Shock Doctrine, The');
insert into Contents (id, language, plot_summary, imdb_score, release_year, title) values (39, 'Catalan', 'Ut at dolor quis odio consequat varius. Integer ac leo. Pellentesque ultrices mattis odio. Donec vitae nisi. Nam ultrices, libero non mattis pulvinar, nulla pede ullamcorper augue, a suscipit nulla elit ac nulla.', 6.6, 2013, 'Rentun Ruusu');
insert into Contents (id, language, plot_summary, imdb_score, release_year, title) values (40, 'Spanish', 'Aliquam quis turpis eget elit sodales scelerisque.', 5.8, 2005, 'Warlock');
insert into Contents (id, language, plot_summary, imdb_score, release_year, title) values (41, 'Spanish', 'Phasellus in felis.', 9.2, 2011, 'Ghost Breakers, The');
insert into Contents (id, language, plot_summary, imdb_score, release_year, title) values (42, 'English', 'Phasellus id sapien in sapien iaculis congue. Vivamus metus arcu, adipiscing molestie, hendrerit at, vulputate vitae, nisl.', 6.4, 2020, 'Youth of the Son');
insert into Contents (id, language, plot_summary, imdb_score, release_year, title) values (43, 'Spanish', 'Nullam orci pede, venenatis non, sodales sed, tincidunt eu, felis.', 7.2, 2011, 'Can I Do It ''Till I Need Glasses?');
insert into Contents (id, language, plot_summary, imdb_score, release_year, title) values (44, 'Spanish', 'Nam congue, risus semper porta volutpat, quam pede lobortis ligula, sit amet eleifend pede libero quis orci. Nullam molestie nibh in lectus. Pellentesque at nulla.', 5.8, 2010, 'Carnal Knowledge');
insert into Contents (id, language, plot_summary, imdb_score, release_year, title) values (45, 'Spanish', 'Morbi non quam nec dui luctus rutrum. Nulla tellus.', 5.9, 2016, 'Dishonored');
insert into Contents (id, language, plot_summary, imdb_score, release_year, title) values (46, 'Spanish', 'In blandit ultrices enim. Lorem ipsum dolor sit amet, consectetuer adipiscing elit. Proin interdum mauris non ligula pellentesque ultrices. Phasellus id sapien in sapien iaculis congue.', 5.3, 2001, 'One Husband Too Many');
insert into Contents (id, language, plot_summary, imdb_score, release_year, title) values (47, 'English', 'Quisque id justo sit amet sapien dignissim vestibulum. Vestibulum ante ipsum primis in faucibus orci luctus et ultrices posuere cubilia Curae; Nulla dapibus dolor vel est. Donec odio justo, sollicitudin ut, suscipit a, feugiat et, eros.', 8.3, 1996, 'Oyster Farmer');
insert into Contents (id, language, plot_summary, imdb_score, release_year, title) values (48, 'English', 'Donec ut mauris eget massa tempor convallis. Nulla neque libero, convallis eget, eleifend luctus, ultricies eu, nibh. Quisque id justo sit amet sapien dignissim vestibulum. Vestibulum ante ipsum primis in faucibus orci luctus et ultrices posuere cubilia Curae; Nulla dapibus dolor vel est. Donec odio justo, sollicitudin ut, suscipit a, feugiat et, eros.', 6.9, 2021, 'Hello Down There');
insert into Contents (id, language, plot_summary, imdb_score, release_year, title) values (49, 'Danish', 'Aenean lectus. Pellentesque eget nunc.', 5.5, 2016, 'Red Line 7000');
insert into Contents (id, language, plot_summary, imdb_score, release_year, title) values (50, 'Turkish', 'Aenean auctor gravida sem. Praesent id massa id nisl venenatis lacinia. Aenean sit amet justo.', 9.4, 2020, 'Foster Brothers, The (Süt kardesler)');


insert into films (boxoffice, budget, duration, id) values (4146807, 3440486, 97, 3);
insert into films (boxoffice, budget, duration, id) values (7147204, 7232496, 155, 4);
insert into films (boxoffice, budget, duration, id) values (59146830, 92984764, 90, 5);
insert into films (boxoffice, budget, duration, id) values (4608368, 927449, 137, 6);
insert into films (boxoffice, budget, duration, id) values (9158633, 79146336, 145, 7);
insert into films (boxoffice, budget, duration, id) values (9293764, 17295651, 124, 9);
insert into films (boxoffice, budget, duration, id) values (5192668, 11747025, 126, 10);
insert into films (boxoffice, budget, duration, id) values (50730338, 15917612, 170, 21);
insert into films (boxoffice, budget, duration, id) values (138263679, 55571439, 210, 22);
insert into films (boxoffice, budget, duration, id) values (35425277, 50144358, 120, 23);
insert into films (boxoffice, budget, duration, id) values (113511007, 12232708, 120, 24);
insert into films (boxoffice, budget, duration, id) values (27148997, 56732032, 150, 25);
insert into films (boxoffice, budget, duration, id) values (77287689, 78289905, 220, 26);
insert into films (boxoffice, budget, duration, id) values (47060581, 53149402, 125, 27);
insert into films (boxoffice, budget, duration, id) values (62005336, 15781059, 210, 28);
insert into films (boxoffice, budget, duration, id) values (115990778, 879112, 150, 29);
insert into films (boxoffice, budget, duration, id) values (74327361, 12997989, 160, 30);
insert into films (boxoffice, budget, duration, id) values (47606755, 61437406, 95, 31);
insert into films (boxoffice, budget, duration, id) values (135732761, 92226369, 180, 32);
insert into films (boxoffice, budget, duration, id) values (106482052, 7756773, 200, 33);
insert into films (boxoffice, budget, duration, id) values (127959308, 87019405, 185, 34);
insert into films (boxoffice, budget, duration, id) values (17316713, 63981225, 160, 35);


insert into tv_shows (end_year, num_seasons, id) values (2007, 2, 1);
insert into tv_shows (end_year, num_seasons, id) values (2007, 2, 2);
insert into tv_shows (end_year, num_seasons, id) values (1998, 4, 3);
insert into tv_shows (end_year, num_seasons, id) values (2007, 2, 11);
insert into tv_shows (end_year, num_seasons, id) values (2021, 3, 12);
insert into tv_shows (end_year, num_seasons, id) values (2007, 2, 13);
insert into tv_shows (end_year, num_seasons, id) values (2021, 4, 14);
insert into tv_shows (end_year, num_seasons, id) values (1996, 2, 15);
insert into tv_shows (end_year, num_seasons, id) values (2015, 7, 16);
insert into tv_shows (end_year, num_seasons, id) values (2019, 5, 17);
insert into tv_shows (end_year, num_seasons, id) values (2020, 3, 18);
insert into tv_shows (end_year, num_seasons, id) values (2015, 6, 19);
insert into tv_shows (end_year, num_seasons, id) values (2021, 8, 20);
insert into tv_shows (end_year, num_seasons, id) values (2001, 10, 36);
insert into tv_shows (end_year, num_seasons, id) values (2012, 2, 37);
insert into tv_shows (end_year, num_seasons, id) values (2003, 5, 38);
insert into tv_shows (end_year, num_seasons, id) values (2015, 3, 39);
insert into tv_shows (end_year, num_seasons, id) values (2007, 2, 40);
insert into tv_shows (end_year, num_seasons, id) values (2014, 3, 41);
insert into tv_shows (end_year, num_seasons, id) values (null, 1, 42);
insert into tv_shows (end_year, num_seasons, id) values (2015, 4, 43);
insert into tv_shows (end_year, num_seasons, id) values (2013, 3, 44);
insert into tv_shows (end_year, num_seasons, id) values (null, 6, 45);
insert into tv_shows (end_year, num_seasons, id) values (2004, 3, 46);
insert into tv_shows (end_year, num_seasons, id) values (2006, 10, 47);
insert into tv_shows (end_year, num_seasons, id) values (null, 1, 48);
insert into tv_shows (end_year, num_seasons, id) values (null, 6, 49);
insert into tv_shows (end_year, num_seasons, id) values (null, 2, 50);


insert into CONTENT_GENRES (content_id, genres) values (1, 'MUSICAL');
insert into CONTENT_GENRES (content_id, genres) values (2, 'WESTERN');
insert into CONTENT_GENRES (content_id, genres) values (2, 'ROMANCE');
insert into CONTENT_GENRES (content_id, genres) values (3, 'SCIFI');
insert into CONTENT_GENRES (content_id, genres) values (3, 'ACTION');
insert into CONTENT_GENRES (content_id, genres) values (4, 'MYSTERY');
insert into CONTENT_GENRES (content_id, genres) values (5, 'MUSICAL');
insert into CONTENT_GENRES (content_id, genres) values (6, 'DRAMA');
insert into CONTENT_GENRES (content_id, genres) values (7, 'THRILLER');
insert into CONTENT_GENRES (content_id, genres) values (8, 'DRAMA');
insert into CONTENT_GENRES (content_id, genres) values (9, 'DOCUMENTARY');
insert into CONTENT_GENRES (content_id, genres) values (10, 'DRAMA');
insert into CONTENT_GENRES (content_id, genres) values (10, 'COMEDY');
insert into CONTENT_GENRES (content_id, genres) values (11, 'HORROR');
insert into CONTENT_GENRES (content_id, genres) values (12, 'WESTERN');
insert into CONTENT_GENRES (content_id, genres) values (12, 'ROMANCE');
insert into CONTENT_GENRES (content_id, genres) values (13, 'ROMANCE');
insert into CONTENT_GENRES (content_id, genres) values (13, 'COMEDY');
insert into CONTENT_GENRES (content_id, genres) values (14, 'DRAMA');
insert into CONTENT_GENRES (content_id, genres) values (15, 'CRIME');
insert into CONTENT_GENRES (content_id, genres) values (15, 'THRILLER');
insert into CONTENT_GENRES (content_id, genres) values (16, 'ACTION');
insert into CONTENT_GENRES (content_id, genres) values (16, 'HORROR');
insert into CONTENT_GENRES (content_id, genres) values (17, 'FANTASY');
insert into CONTENT_GENRES (content_id, genres) values (17, 'SCIFI');
insert into CONTENT_GENRES (content_id, genres) values (18, 'HISTORICAL');
insert into CONTENT_GENRES (content_id, genres) values (19, 'ANIMATION');
insert into CONTENT_GENRES (content_id, genres) values (20, 'MYSTERY');
insert into CONTENT_GENRES (content_id, genres) values (21, 'DRAMA');
insert into CONTENT_GENRES (content_id, genres) values (22, 'ANIMATION');
insert into CONTENT_GENRES (content_id, genres) values (22, 'COMEDY');
insert into CONTENT_GENRES (content_id, genres) values (23, 'COMEDY');
insert into CONTENT_GENRES (content_id, genres) values (24, 'ANIMATION');
insert into CONTENT_GENRES (content_id, genres) values (24, 'ACTION');
insert into CONTENT_GENRES (content_id, genres) values (25, 'COMEDY');
insert into CONTENT_GENRES (content_id, genres) values (25, 'ROMANCE');
insert into CONTENT_GENRES (content_id, genres) values (26, 'ACTION');
insert into CONTENT_GENRES (content_id, genres) values (27, 'CRIME');
insert into CONTENT_GENRES (content_id, genres) values (28, 'THRILLER');
insert into CONTENT_GENRES (content_id, genres) values (29, 'COMEDY');
insert into CONTENT_GENRES (content_id, genres) values (30, 'ROMANCE');
insert into CONTENT_GENRES (content_id, genres) values (31, 'CRIME');
insert into CONTENT_GENRES (content_id, genres) values (31, 'MYSTERY');
insert into CONTENT_GENRES (content_id, genres) values (32, 'COMEDY');
insert into CONTENT_GENRES (content_id, genres) values (33, 'COMEDY');
insert into CONTENT_GENRES (content_id, genres) values (34, 'ROMANCE');
insert into CONTENT_GENRES (content_id, genres) values (35, 'DRAMA');
insert into CONTENT_GENRES (content_id, genres) values (36, 'FANTASY');
insert into CONTENT_GENRES (content_id, genres) values (37, 'FANTASY');
insert into CONTENT_GENRES (content_id, genres) values (38, 'HISTORICAL');
insert into CONTENT_GENRES (content_id, genres) values (39, 'DOCUMENTARY');
insert into CONTENT_GENRES (content_id, genres) values (40, 'DRAMA');
insert into CONTENT_GENRES (content_id, genres) values (41, 'ACTION');
insert into CONTENT_GENRES (content_id, genres) values (42, 'ROMANCE');
insert into CONTENT_GENRES (content_id, genres) values (43, 'ANIMATION');
insert into CONTENT_GENRES (content_id, genres) values (43, 'MYSTERY');
insert into CONTENT_GENRES (content_id, genres) values (44, 'ANIMATION');
insert into CONTENT_GENRES (content_id, genres) values (44, 'FANTASY');
insert into CONTENT_GENRES (content_id, genres) values (45, 'ACTION');
insert into CONTENT_GENRES (content_id, genres) values (46, 'CRIME');
insert into CONTENT_GENRES (content_id, genres) values (47, 'ACTION');
insert into CONTENT_GENRES (content_id, genres) values (48, 'CRIME');
insert into CONTENT_GENRES (content_id, genres) values (49, 'MYSTERY');
insert into CONTENT_GENRES (content_id, genres) values (50, 'DRAMA');

insert into people (id, birthdate, deathdate, name, surname) values (1, '1963-06-9', null, 'Johnny', 'Depp');
insert into people (id, birthdate, deathdate, name, surname) values (2, '1985-04-30', null, 'Gal', 'Gadot');
insert into people (id, birthdate, deathdate, name, surname) values (3, '1969-02-11', null, 'Jennifer', 'Aniston');
insert into people (id, birthdate, deathdate, name, surname) values (4, '1940-02-10', '2011-04-05', 'Reid', 'Cossum');
insert into people (id, birthdate, deathdate, name, surname) values (5, '1993-01-01', null, 'Tyrus', 'Stoile');
insert into people (id, birthdate, deathdate, name, surname) values (6, '1952-05-28', '2001-09-01', 'Valida', 'Kubczak');
insert into people (id, birthdate, deathdate, name, surname) values (7, '2000-02-15', null, 'Gino', 'Babe');
insert into people (id, birthdate, deathdate, name, surname) values (8, '1978-07-25', '2016-12-30', 'Chicky', 'Straw');
insert into people (id, birthdate, deathdate, name, surname) values (9, '1977-09-16', null, 'Lesley', 'Omrod');
insert into people (id, birthdate, deathdate, name, surname) values (10, '1962-03-19', null, 'Brion', 'Autry');
insert into people (id, birthdate, deathdate, name, surname) values (11, '1997-12-07', null, 'Urbain', 'Dunsmore');
insert into people (id, birthdate, deathdate, name, surname) values (12, '1985-08-16', null, 'Denice', 'Seeking');
insert into people (id, birthdate, deathdate, name, surname) values (13, '1986-03-06', null, 'Halette', 'Foden');
insert into people (id, birthdate, deathdate, name, surname) values (14, '1962-11-19', null, 'Gabbie', 'Durward');
insert into people (id, birthdate, deathdate, name, surname) values (15, '1963-11-19', null, 'Stefa', 'Baylis');
insert into people (id, birthdate, deathdate, name, surname) values (16, '1962-08-06', '2014-05-17', 'Dickie', 'Smithyman');
insert into people (id, birthdate, deathdate, name, surname) values (17, '1996-08-30', null, 'Maury', 'Fogarty');
insert into people (id, birthdate, deathdate, name, surname) values (18, '1999-10-22', null, 'Nixie', 'Scyner');
insert into people (id, birthdate, deathdate, name, surname) values (19, '1974-03-02', null, 'Viva', 'Fairbourn');
insert into people (id, birthdate, deathdate, name, surname) values (20, '1965-03-21', '2019-06-24', 'Carlotta', 'Grieg');


insert into CONTENT_CONTRIBUTORS  (content_id, person_id, role) values (1, 1, 'ACTOR');
insert into CONTENT_CONTRIBUTORS  (content_id, person_id, role) values (23, 1, 'ACTOR');
insert into CONTENT_CONTRIBUTORS  (content_id, person_id, role) values (1, 1, 'ACTOR');
insert into CONTENT_CONTRIBUTORS  (content_id, person_id, role) values (1, 2, 'ACTOR');
insert into CONTENT_CONTRIBUTORS  (content_id, person_id, role) values (2, 2, 'ACTOR');
insert into CONTENT_CONTRIBUTORS  (content_id, person_id, role) values (2, 2, 'ACTOR');
insert into CONTENT_CONTRIBUTORS  (content_id, person_id, role) values (23, 3, 'ACTOR');
insert into CONTENT_CONTRIBUTORS  (content_id, person_id, role) values (2, 3, 'ACTOR');
insert into CONTENT_CONTRIBUTORS  (content_id, person_id, role) values (3, 3, 'ACTOR');
insert into CONTENT_CONTRIBUTORS  (content_id, person_id, role) values (3, 4, 'ACTOR');
insert into CONTENT_CONTRIBUTORS  (content_id, person_id, role) values (3, 4, 'ACTOR');
insert into CONTENT_CONTRIBUTORS  (content_id, person_id, role) values (3, 4, 'ACTOR');
insert into CONTENT_CONTRIBUTORS  (content_id, person_id, role) values (24, 5, 'ACTOR');
insert into CONTENT_CONTRIBUTORS  (content_id, person_id, role) values (4,  5, 'ACTOR');
insert into CONTENT_CONTRIBUTORS  (content_id, person_id, role) values (23, 5, 'ACTOR');
insert into CONTENT_CONTRIBUTORS  (content_id, person_id, role) values (25, 6, 'ACTOR');
insert into CONTENT_CONTRIBUTORS  (content_id, person_id, role) values (5,  6, 'ACTOR');
insert into CONTENT_CONTRIBUTORS  (content_id, person_id, role) values (24, 6, 'ACTOR');
insert into CONTENT_CONTRIBUTORS  (content_id, person_id, role) values (23, 7, 'ACTOR');
insert into CONTENT_CONTRIBUTORS  (content_id, person_id, role) values (26, 7, 'ACTOR');
insert into CONTENT_CONTRIBUTORS  (content_id, person_id, role) values (25, 7, 'ACTOR');
insert into CONTENT_CONTRIBUTORS  (content_id, person_id, role) values (26, 8, 'ACTOR');
insert into CONTENT_CONTRIBUTORS  (content_id, person_id, role) values (6,  8, 'ACTOR');
insert into CONTENT_CONTRIBUTORS  (content_id, person_id, role) values (6,  8, 'ACTOR');
insert into CONTENT_CONTRIBUTORS  (content_id, person_id, role) values (26, 9, 'ACTOR');
insert into CONTENT_CONTRIBUTORS  (content_id, person_id, role) values (24, 9, 'ACTOR');
insert into CONTENT_CONTRIBUTORS  (content_id, person_id, role) values (26, 9, 'ACTOR');
insert into CONTENT_CONTRIBUTORS  (content_id, person_id, role) values (27, 10, 'ACTOR');
insert into CONTENT_CONTRIBUTORS  (content_id, person_id, role) values (25, 10, 'ACTOR');
insert into CONTENT_CONTRIBUTORS  (content_id, person_id, role) values (24, 10, 'ACTOR');
insert into CONTENT_CONTRIBUTORS  (content_id, person_id, role) values (8,  11, 'ACTOR');
insert into CONTENT_CONTRIBUTORS  (content_id, person_id, role) values (8,  11, 'ACTOR');
insert into CONTENT_CONTRIBUTORS  (content_id, person_id, role) values (27, 11, 'ACTOR');
insert into CONTENT_CONTRIBUTORS  (content_id, person_id, role) values (9,  12, 'ACTOR');
insert into CONTENT_CONTRIBUTORS  (content_id, person_id, role) values (26, 12, 'ACTOR');
insert into CONTENT_CONTRIBUTORS  (content_id, person_id, role) values (9,  12, 'ACTOR');
insert into CONTENT_CONTRIBUTORS  (content_id, person_id, role) values (28, 13, 'ACTOR');
insert into CONTENT_CONTRIBUTORS  (content_id, person_id, role) values (10, 13, 'ACTOR');
insert into CONTENT_CONTRIBUTORS  (content_id, person_id, role) values (26, 13, 'ACTOR');
insert into CONTENT_CONTRIBUTORS  (content_id, person_id, role) values (29, 14, 'ACTOR');
insert into CONTENT_CONTRIBUTORS  (content_id, person_id, role) values (27, 14, 'ACTOR');
insert into CONTENT_CONTRIBUTORS  (content_id, person_id, role) values (28, 14, 'ACTOR');
insert into CONTENT_CONTRIBUTORS  (content_id, person_id, role) values (11, 15, 'ACTOR');
insert into CONTENT_CONTRIBUTORS  (content_id, person_id, role) values (11, 15, 'ACTOR');
insert into CONTENT_CONTRIBUTORS  (content_id, person_id, role) values (29, 15, 'ACTOR');
insert into CONTENT_CONTRIBUTORS  (content_id, person_id, role) values (30, 16, 'ACTOR');
insert into CONTENT_CONTRIBUTORS  (content_id, person_id, role) values (12, 16, 'ACTOR');
insert into CONTENT_CONTRIBUTORS  (content_id, person_id, role) values (31, 16, 'ACTOR');
insert into CONTENT_CONTRIBUTORS  (content_id, person_id, role) values (13, 17, 'ACTOR');
insert into CONTENT_CONTRIBUTORS  (content_id, person_id, role) values (28, 17, 'ACTOR');
insert into CONTENT_CONTRIBUTORS  (content_id, person_id, role) values (30, 17, 'ACTOR');
insert into CONTENT_CONTRIBUTORS  (content_id, person_id, role) values (13, 18, 'ACTOR');
insert into CONTENT_CONTRIBUTORS  (content_id, person_id, role) values (32, 18, 'ACTOR');
insert into CONTENT_CONTRIBUTORS  (content_id, person_id, role) values (28, 18, 'ACTOR');
insert into CONTENT_CONTRIBUTORS  (content_id, person_id, role) values (33, 19, 'ACTOR');
insert into CONTENT_CONTRIBUTORS  (content_id, person_id, role) values (15, 19, 'ACTOR');
insert into CONTENT_CONTRIBUTORS  (content_id, person_id, role) values (34, 19, 'ACTOR');
insert into CONTENT_CONTRIBUTORS  (content_id, person_id, role) values (32, 20, 'ACTOR');
insert into CONTENT_CONTRIBUTORS  (content_id, person_id, role) values (30, 20, 'ACTOR');
insert into CONTENT_CONTRIBUTORS  (content_id, person_id, role) values (33, 20, 'ACTOR');
insert into CONTENT_CONTRIBUTORS  (content_id, person_id, role) values (31, 21, 'ACTOR');
insert into CONTENT_CONTRIBUTORS  (content_id, person_id, role) values (34, 21, 'ACTOR');
insert into CONTENT_CONTRIBUTORS  (content_id, person_id, role) values (30, 21, 'ACTOR');
insert into CONTENT_CONTRIBUTORS  (content_id, person_id, role) values (35, 22, 'ACTOR');
insert into CONTENT_CONTRIBUTORS  (content_id, person_id, role) values (31, 22, 'ACTOR');
insert into CONTENT_CONTRIBUTORS  (content_id, person_id, role) values (32, 22, 'ACTOR');
insert into CONTENT_CONTRIBUTORS  (content_id, person_id, role) values (36, 1, 'ACTOR');
insert into CONTENT_CONTRIBUTORS  (content_id, person_id, role) values (33, 1, 'ACTOR');
insert into CONTENT_CONTRIBUTORS  (content_id, person_id, role) values (35, 1, 'ACTOR');
insert into CONTENT_CONTRIBUTORS  (content_id, person_id, role) values (34, 2, 'ACTOR');
insert into CONTENT_CONTRIBUTORS  (content_id, person_id, role) values (18, 2, 'ACTOR');
insert into CONTENT_CONTRIBUTORS  (content_id, person_id, role) values (36, 2, 'ACTOR');
insert into CONTENT_CONTRIBUTORS  (content_id, person_id, role) values (19, 3, 'ACTOR');
insert into CONTENT_CONTRIBUTORS  (content_id, person_id, role) values (34, 3, 'ACTOR');
insert into CONTENT_CONTRIBUTORS  (content_id, person_id, role) values (19, 3, 'ACTOR');
insert into CONTENT_CONTRIBUTORS  (content_id, person_id, role) values (19, 4, 'ACTOR');
insert into CONTENT_CONTRIBUTORS  (content_id, person_id, role) values (35, 4, 'ACTOR');
insert into CONTENT_CONTRIBUTORS  (content_id, person_id, role) values (20, 4, 'ACTOR');
insert into CONTENT_CONTRIBUTORS  (content_id, person_id, role) values (20, 5, 'ACTOR');
insert into CONTENT_CONTRIBUTORS  (content_id, person_id, role) values (36, 5, 'ACTOR');
insert into CONTENT_CONTRIBUTORS  (content_id, person_id, role) values (35, 5, 'ACTOR');
insert into CONTENT_CONTRIBUTORS  (content_id, person_id, role) values (21, 6, 'ACTOR');
insert into CONTENT_CONTRIBUTORS  (content_id, person_id, role) values (22, 6, 'ACTOR');
insert into CONTENT_CONTRIBUTORS  (content_id, person_id, role) values (36, 6, 'ACTOR');
insert into CONTENT_CONTRIBUTORS  (content_id, person_id, role) values (22, 7, 'ACTOR');
insert into CONTENT_CONTRIBUTORS  (content_id, person_id, role) values (22, 7, 'ACTOR');
insert into CONTENT_CONTRIBUTORS  (content_id, person_id, role) values (48, 7, 'ACTOR');
insert into CONTENT_CONTRIBUTORS  (content_id, person_id, role) values (37, 8, 'ACTOR');
insert into CONTENT_CONTRIBUTORS  (content_id, person_id, role) values (38, 8, 'ACTOR');
insert into CONTENT_CONTRIBUTORS  (content_id, person_id, role) values (48, 8, 'ACTOR');
insert into CONTENT_CONTRIBUTORS  (content_id, person_id, role) values (37, 9, 'ACTOR');
insert into CONTENT_CONTRIBUTORS  (content_id, person_id, role) values (38, 9, 'ACTOR');
insert into CONTENT_CONTRIBUTORS  (content_id, person_id, role) values (47, 9, 'ACTOR');
insert into CONTENT_CONTRIBUTORS  (content_id, person_id, role) values (48, 10, 'ACTOR');
insert into CONTENT_CONTRIBUTORS  (content_id, person_id, role) values (37, 10, 'ACTOR');
insert into CONTENT_CONTRIBUTORS  (content_id, person_id, role) values (39, 10, 'ACTOR');
insert into CONTENT_CONTRIBUTORS  (content_id, person_id, role) values (48, 11, 'ACTOR');
insert into CONTENT_CONTRIBUTORS  (content_id, person_id, role) values (37, 11, 'ACTOR');
insert into CONTENT_CONTRIBUTORS  (content_id, person_id, role) values (41, 11, 'ACTOR');
insert into CONTENT_CONTRIBUTORS  (content_id, person_id, role) values (47, 12, 'ACTOR');
insert into CONTENT_CONTRIBUTORS  (content_id, person_id, role) values (42, 12, 'ACTOR');
insert into CONTENT_CONTRIBUTORS  (content_id, person_id, role) values (48, 12, 'ACTOR');
insert into CONTENT_CONTRIBUTORS  (content_id, person_id, role) values (45, 13, 'ACTOR');
insert into CONTENT_CONTRIBUTORS  (content_id, person_id, role) values (44, 13, 'ACTOR');
insert into CONTENT_CONTRIBUTORS  (content_id, person_id, role) values (47, 13, 'ACTOR');
insert into CONTENT_CONTRIBUTORS  (content_id, person_id, role) values (45, 14, 'ACTOR');
insert into CONTENT_CONTRIBUTORS  (content_id, person_id, role) values (44, 14, 'ACTOR');
insert into CONTENT_CONTRIBUTORS  (content_id, person_id, role) values (43, 14, 'ACTOR');
insert into CONTENT_CONTRIBUTORS  (content_id, person_id, role) values (46, 15, 'ACTOR');
insert into CONTENT_CONTRIBUTORS  (content_id, person_id, role) values (45, 15, 'ACTOR');
insert into CONTENT_CONTRIBUTORS  (content_id, person_id, role) values (44, 15, 'ACTOR');
insert into CONTENT_CONTRIBUTORS  (content_id, person_id, role) values (46, 16, 'ACTOR');
insert into CONTENT_CONTRIBUTORS  (content_id, person_id, role) values (45, 16, 'ACTOR');
insert into CONTENT_CONTRIBUTORS  (content_id, person_id, role) values (44, 16, 'ACTOR');
insert into CONTENT_CONTRIBUTORS  (content_id, person_id, role) values (43, 17, 'ACTOR');
insert into CONTENT_CONTRIBUTORS  (content_id, person_id, role) values (42, 17, 'ACTOR');
insert into CONTENT_CONTRIBUTORS  (content_id, person_id, role) values (46, 17, 'ACTOR');
insert into CONTENT_CONTRIBUTORS  (content_id, person_id, role) values (45, 18, 'ACTOR');
insert into CONTENT_CONTRIBUTORS  (content_id, person_id, role) values (44, 18, 'ACTOR');
insert into CONTENT_CONTRIBUTORS  (content_id, person_id, role) values (43, 18, 'ACTOR');
insert into CONTENT_CONTRIBUTORS  (content_id, person_id, role) values (1, 19, 'PRODUCER');
insert into CONTENT_CONTRIBUTORS  (content_id, person_id, role) values (2, 19, 'PRODUCER');
insert into CONTENT_CONTRIBUTORS  (content_id, person_id, role) values (3, 19, 'PRODUCER');
insert into CONTENT_CONTRIBUTORS  (content_id, person_id, role) values (14, 19, 'PRODUCER');
insert into CONTENT_CONTRIBUTORS  (content_id, person_id, role) values (25, 19, 'PRODUCER');
insert into CONTENT_CONTRIBUTORS  (content_id, person_id, role) values (36, 20, 'PRODUCER');
insert into CONTENT_CONTRIBUTORS  (content_id, person_id, role) values (47, 20, 'PRODUCER');
insert into CONTENT_CONTRIBUTORS  (content_id, person_id, role) values (8, 20, 'PRODUCER');
insert into CONTENT_CONTRIBUTORS  (content_id, person_id, role) values (19, 20, 'PRODUCER');
insert into CONTENT_CONTRIBUTORS  (content_id, person_id, role) values (20, 20, 'PRODUCER');
insert into CONTENT_CONTRIBUTORS  (content_id, person_id, role) values (31, 20, 'PRODUCER');
insert into CONTENT_CONTRIBUTORS  (content_id, person_id, role) values (42, 20, 'PRODUCER');
insert into CONTENT_CONTRIBUTORS  (content_id, person_id, role) values (18, 19, 'PRODUCER');
insert into CONTENT_CONTRIBUTORS  (content_id, person_id, role) values (9, 9, 'PRODUCER');
insert into CONTENT_CONTRIBUTORS  (content_id, person_id, role) values (30, 7, 'PRODUCER');
insert into CONTENT_CONTRIBUTORS  (content_id, person_id, role) values (1, 11, 'DIRECTOR');
insert into CONTENT_CONTRIBUTORS  (content_id, person_id, role) values (12, 20, 'DIRECTOR');
insert into CONTENT_CONTRIBUTORS  (content_id, person_id, role) values (33, 13, 'DIRECTOR');
insert into CONTENT_CONTRIBUTORS  (content_id, person_id, role) values (44, 4, 'DIRECTOR');
insert into CONTENT_CONTRIBUTORS  (content_id, person_id, role) values (5, 20, 'DIRECTOR');
insert into CONTENT_CONTRIBUTORS  (content_id, person_id, role) values (16, 6, 'DIRECTOR');
insert into CONTENT_CONTRIBUTORS  (content_id, person_id, role) values (27, 20, 'DIRECTOR');
insert into CONTENT_CONTRIBUTORS  (content_id, person_id, role) values (38, 18, 'DIRECTOR');
insert into CONTENT_CONTRIBUTORS  (content_id, person_id, role) values (49, 20, 'DIRECTOR');
insert into CONTENT_CONTRIBUTORS  (content_id, person_id, role) values (10, 8, 'DIRECTOR');
insert into CONTENT_CONTRIBUTORS  (content_id, person_id, role) values (1, 20, 'DIRECTOR');
insert into CONTENT_CONTRIBUTORS  (content_id, person_id, role) values (12, 20, 'DIRECTOR');
insert into CONTENT_CONTRIBUTORS  (content_id, person_id, role) values (23, 20, 'DIRECTOR');
insert into CONTENT_CONTRIBUTORS  (content_id, person_id, role) values (34, 13, 'DIRECTOR');
insert into CONTENT_CONTRIBUTORS  (content_id, person_id, role) values (45, 13, 'DIRECTOR');
insert into CONTENT_CONTRIBUTORS  (content_id, person_id, role) values (6, 20, 'DIRECTOR');
insert into CONTENT_CONTRIBUTORS  (content_id, person_id, role) values (17, 16, 'DIRECTOR');
insert into CONTENT_CONTRIBUTORS  (content_id, person_id, role) values (28, 20, 'DIRECTOR');
insert into CONTENT_CONTRIBUTORS  (content_id, person_id, role) values (39, 20, 'DIRECTOR');
insert into CONTENT_CONTRIBUTORS  (content_id, person_id, role) values (50, 19, 'DIRECTOR');
insert into CONTENT_CONTRIBUTORS  (content_id, person_id, role) values (11, 19, 'DIRECTOR');
insert into CONTENT_CONTRIBUTORS  (content_id, person_id, role) values (22, 19, 'DIRECTOR');
insert into CONTENT_CONTRIBUTORS  (content_id, person_id, role) values (37, 19, 'DIRECTOR');
insert into CONTENT_CONTRIBUTORS  (content_id, person_id, role) values (44, 19, 'DIRECTOR');
insert into CONTENT_CONTRIBUTORS  (content_id, person_id, role) values (5, 19, 'DIRECTOR');
insert into CONTENT_CONTRIBUTORS  (content_id, person_id, role) values (6, 1, 'WRITER');
insert into CONTENT_CONTRIBUTORS  (content_id, person_id, role) values (17, 11, 'WRITER');
insert into CONTENT_CONTRIBUTORS  (content_id, person_id, role) values (28, 20, 'WRITER');
insert into CONTENT_CONTRIBUTORS  (content_id, person_id, role) values (37, 19, 'WRITER');
insert into CONTENT_CONTRIBUTORS  (content_id, person_id, role) values (50, 14, 'WRITER');
